"date","삼성전자_ema5","kospi_ema20diffn","kospi_ema50diffn","LS.ELECTRIC_ema5","인프라_ema20diffn","인프라_ema50diffn","SK하이닉스_ema5","반도체_ema20diffn","반도체_ema50diffn","로보티즈_ema5","로봇_ema20diffn","로봇_ema50diffn","에이비엘바이오_ema5","바이오_ema20diffn","바이오_ema50diffn","한화오션_ema5","조선_ema20diffn","조선_ema50diffn","한화에어로스페이스_ema5","방산_ema20diffn","방산_ema50diffn","비에이치아이_ema5","원자력_ema20diffn","원자력_ema50diffn","KB금융_ema5","금융지주_ema20diffn","금융지주_ema50diffn","미래에셋증권_ema5","증권_ema20diffn","증권_ema50diffn","현대차_ema5","자동차_ema20diffn","자동차_ema50diffn","삼성SDI_ema5","이차전지_ema20diffn","이차전지_ema50diffn","OCI홀딩스_ema5","태양광_ema20diffn","태양광_ema50diffn","대우건설_ema5","건설_ema20diffn","건설_ema50diffn","에이피알_ema5","뷰티_ema20diffn","뷰티_ema50diffn"
2025-09-18,1.4020959469198,4.63167885183059,7.55739679913165,1.74209567003349,4.40483302097921,9.16610489693433,1.73705766666667,10.9356182521512,14.9028548530217,3.79830200759471,5.61145825759223,6.7764529629229,3.23937142413294,1.61470947287958,5.17289724309508,2.67774433948568,0.507698413988606,6.20199559461641,2.68478758480596,3.90048974792562,7.67064865873209,3.13188422330263,-2.7330153880223,NA,1.37367522718254,3.42350067720826,6.33378975976778,2.74182538881054,7.2166762173842,10.6835490360977,1.02195922470517,1.7340123076472,4.17750097084917,0.833932584982603,0.417379963675179,0.761965569914044,1.42513167447433,3.49136456057141,5.92289934142174,1.165932933748,1.7340123076472,4.17750097084917,4.01806651396598,-0.179638076937097,0.313204269516783
2025-09-19,1.41654990405078,3.71925855054383,6.77589122158328,1.73753895625023,3.46608321238928,8.28271972490321,1.76882120851564,10.4878933445511,14.920871293985,3.89836784372077,6.1136247340767,7.59789960827975,3.2160472517899,4.71687452886226,8.30254669182895,2.67205955512125,-0.112416225074925,5.38636466996144,2.69269739533705,5.03961835873204,8.91104525053075,3.08678749393341,-3.01744749725081,NA,1.37196080469783,3.36585184600001,6.36183493626316,2.74656202875839,6.19773197528277,9.92556866936761,1.02107388363898,0.135487606511227,2.52939201905051,0.83547938689017,-0.865888916631338,-0.583862502914452,1.42826124650959,1.95274367373715,4.44210661369225,1.16298214409335,0.135487606511227,2.52939201905051,4.00862954794309,-0.218290205522867,0.241999873029508
2025-09-22,1.44538664350215,3.95879031434782,7.12066447590989,1.71456872745548,3.03599125660065,7.8570250754114,1.78226547568832,10.5823307555331,15.4392229905524,4.29049001325092,5.768650780958,7.5479273659567,3.30443008685704,6.05963918467645,9.80829524350616,2.65866431986605,-0.662507783356848,4.61232218093109,2.69620724492522,3.20299382116,7.17966210278986,3.06763956154954,-2.23613268969279,NA,1.37081785637469,3.2536759613279,6.32677496578008,2.74354032645525,5.73301722900827,9.66435154134277,1.02283770522573,1.92589924725061,4.29927090176674,0.840611189583423,-0.955503029813437,-0.743189813443709,1.41550941228153,1.63894471055985,4.13561453153895,1.15790033305005,1.92589924725061,4.29927090176674,4.06096573664403,0.740978941727309,1.22452226563839
2025-09-23,1.47181142448125,4.2176926120585,7.49449666961378,1.69925524159231,2.57073641635859,7.37118729544968,1.80840927023301,10.6793268871542,15.9432841682271,4.76394118572569,5.49619214832521,7.54046177263705,3.3590661095494,6.10311931790146,10.0563736202661,2.65693819728843,-0.345466687095989,4.68698509724324,2.68267692775771,2.60411484530938,6.59889967241039,3.09744883335651,-1.00509297503134,NA,1.36420246071588,2.13164587907021,5.24361677548891,2.70650898644971,3.16349654739421,7.2261577274927,1.02558295225972,1.92657510577192,4.32143502903508,0.84744955923021,-0.407513656994867,-0.2297800667851,1.40940145004102,1.99284520080789,4.50125590649793,1.15347425304112,1.92657510577192,4.32143502903508,4.05265731903974,-1.17090192683457,-0.769297330869525
2025-09-24,1.49362811314071,3.38306747045468,6.75657567273951,1.67670713411797,0.414647074812089,5.15252049466238,1.81982513417912,9.71739241599681,15.3731650651797,4.96766728854768,2.8585374071774,5.04820434749247,3.29798664241041,1.71794505530132,5.79261384767709,2.65658789715437,0.706528850107181,5.53110401844812,2.72126736699159,4.45649170614657,8.47907833283959,3.13915478895237,0.458818729728448,NA,1.35940196826934,0.31754974597273,3.38154554821666,2.64886429434805,0.172708154882585,4.20656489818601,1.02505906798482,1.37337051772412,3.76894005374799,0.845857570195755,-2.10569888048684,-2.06205398733651,1.39336317232297,-0.117854839054715,2.33709746848859,1.1463707091149,1.37337051772412,3.76894005374799,4.04403271610795,-1.97847703837209,-1.7112536671366
2025-09-25,1.51237274025373,3.01231998816354,6.44185528690363,1.64648845705439,-1.10058965284978,3.45789434634207,1.8257176151669,8.48421177844824,14.4639980761217,5.03044991610665,2.83633812410728,5.1097752247237,3.19833632155551,-1.15040063644606,2.81232363520147,2.64834988122146,0.337476280012806,5.00931910719921,2.73817753931809,3.50988633423681,7.61540097320309,3.11346764542446,-1.43544819834923,NA,1.35229935323162,-0.348273661770335,2.59474638079398,2.60631485810137,-0.985825771488714,2.87780603918843,1.02392512881348,0.6436899889785,3.0006197387877,0.851630579875355,0.335436231752163,0.397122566086017,1.38267098717759,-0.559677923114736,1.77614363316484,1.14111591017405,0.6436899889785,3.0006197387877,4.07531087516717,-1.99315244241607,-1.85925827118666
2025-09-26,1.5080684863022,0.616818959194558,4.02923430170294,1.61590188112319,-3.28536282677949,1.00055574430689,1.79528403629962,4.58773694440172,10.831392363957,5.10882238830715,0.124266800591824,2.3769185634118,3.12011663909979,-1.98887419400457,1.73473952492535,2.62204621607299,-2.18466152661589,2.29264869543236,2.74592427267065,1.39829297040733,5.50969346837554,3.12690923388689,-2.62312318161591,NA,1.34132061775575,-1.61305034871813,1.15510113110186,2.58618785029474,-2.26001652588303,1.36774370616131,1.01924575442556,-1.5800077372613,0.641132634308871,0.844544315870977,-2.35204415119529,-2.43666891081006,1.35543947489037,-3.2926818555643,-1.18361396540246,1.13086437200972,-1.5800077372613,0.641132634308871,4.10541995479342,-1.8033284002812,-1.78634618212052
2025-09-29,1.51059919967649,1.85593948230496,5.20213069701805,1.59835831901752,-2.40542827944498,1.53848521261136,1.79647117092505,5.92297296734809,12.1653779368947,5.2947973714884,1.88257716245704,4.12106093808428,3.07975631934843,0.378322357337004,3.89490353116368,2.60451043930734,-1.54684627125036,2.63910729003285,2.76431394231649,2.22119057040489,6.26656102870329,3.10312063127502,-2.37330192622392,NA,1.34570832099193,-0.19559532434586,2.41532878058379,2.63044474521111,0.73853025181229,4.16490069761981,1.01691085448835,-0.414429385332813,1.67037567978476,0.844604174859856,-1.59752557725361,-1.77728392176309,1.32962669951527,-2.49983524288401,-0.638656043752201,1.12766373416374,-0.414429385332813,1.67037567978476,4.25817596262127,1.17658098221559,1.26525309601852
2025-09-30,1.51048626992313,1.47963950487451,4.79345072714838,1.6056458677146,-0.737292208169224,2.94745189271667,1.79468545154425,5.53620803331696,11.8641170570611,5.4744438107438,1.53330246915655,3.78306203950768,3.04320623797128,0.311892365299435,3.71102013555627,2.61923471374725,1.77354600090325,5.76626242250806,2.81889430046163,3.92866253463479,7.97434103922905,3.0992697721156,-2.69504634345454,NA,1.34785299913472,-1.40769959965659,1.04772782839316,2.63317175304307,-0.655292225955188,2.64464910944828,1.01535425453021,-0.918513811322648,1.03964432009766,0.843277213711929,-2.33151367840136,-2.65025378060136,1.30954626990468,-1.48500951203011,0.196253837595159,1.12345356363961,-0.918513811322648,1.03964432009766,4.38161290620896,1.25493686255632,1.41765527653261
2025-10-01,1.52301148744105,2.03433158291808,5.3193080685278,1.61904669905805,0.515209007945028,4.04143184600417,1.81497115916067,6.29505086937503,12.6731055973047,5.63414033978596,1.25914962113163,3.50175787628114,3.04669765484381,1.1856340949065,4.49216380499716,2.62985134495821,2.7514770144357,6.70848307672565,2.84822777616151,4.06994276892478,8.18592631404872,3.14146040351133,-0.674174647822066,NA,1.35240461395526,-1.43782377900497,0.83650483102412,2.62057101297152,-1.75794622187487,1.34429566547133,1.01510120421286,-1.06575925350726,0.754453498516368,0.84102570580613,-2.16900537094651,-2.60974653865671,1.27892784066784,-1.09704723797615,0.446018486914162,1.12531871020049,-1.06575925350726,0.754453498516368,4.53178867490373,0.835434790935959,1.04402674114877
2025-10-02,1.553862532489,4.22054906777599,7.553291055186,1.63177723797385,2.71703951797919,6.18849401315828,1.88948733589659,9.67479738776617,16.1141695270562,5.6558999490151,1.05349456365805,3.27545707318318,3.05866846763508,1.51824882408882,4.77328837992547,2.6389302197264,2.2856012550106,6.23776123318805,2.86602006919555,3.52608459707908,7.70610937663075,3.15321266031507,-0.274915985114782,NA,1.35934131057565,-0.551554560445207,1.58159166959837,2.64100792912557,0.939044776901214,3.89588260454758,1.02199465089395,1.36470504312491,3.15349649032971,0.842941868386883,0.41224299783343,0.0251899661783372,1.26617398836022,1.19160295515123,2.7125380819183,1.12708124423112,1.36470504312491,3.15349649032971,4.5948779596865,-0.1012428919654,0.0948146384855419
2025-10-10,1.60233101189894,5.19484374425542,8.66769885568003,1.66114584636201,6.09638007555463,9.67132285627816,1.9950028737833,14.2214588304899,20.8749304263955,6.08545959814947,5.94243793001929,8.32623981169695,3.0452196727339,1.19568591480629,4.40335959345192,2.63417675151642,1.43189425773491,5.34504754685709,2.82938926848974,0.801083241289615,4.97671660836173,3.28112959066927,4.62361447103323,NA,1.34640548465911,-1.64357356370389,0.329935037070735,2.66493164367555,0.616694637120227,3.50314621972647,1.02188218408624,1.27197915151042,3.06866493684444,0.844902743677641,-1.82465747703707,-2.31858395485653,1.25815007227078,1.49271672065973,3.03965861262894,1.13552370877866,1.27197915151042,3.06866493684444,4.64928011432404,-1.42264704881216,-1.31959924957759
2025-10-13,1.62804306749501,4.262874512717,7.88050212057946,1.66933496456026,5.06861235443302,8.8352848928697,2.04301133101601,13.2895885699646,20.4702192736761,6.38151323968274,5.45353962619368,8.07946592776736,3.01053860535201,-1.20722220693746,1.87882445804129,2.63180822096079,1.39944336101399,5.24141141870615,2.76176647758835,-2.31268610919233,1.69177156063879,3.43627348895731,5.82494042563783,NA,1.33309885662672,-2.76058606535922,-1.00914591276933,2.65822283944215,-1.5465073669056,1.19589709022666,1.02416125517864,0.170897707320875,1.92664464503421,0.850994028863279,0.203249157374918,-0.249171738582531,1.24992888218396,0.726205501893721,2.26786104223138,1.13336547362653,0.170897707320875,1.92664464503421,4.69789084886475,-1.14391091655032,-1.11588915788084
2025-10-14,1.63498402987607,3.28379087968443,6.98587796364652,1.67194688817729,4.34730319299684,8.2454986094756,2.06900363675412,10.6966679327058,18.3747546819373,6.49659772610021,3.99456274710634,6.79256491665515,2.97134589119257,-0.998556536059844,1.90160477384469,2.57980096077607,-2.58345929370842,1.10716521415681,2.66378389401088,-6.09949007504719,-2.46320234901061,3.45455363435691,3.53128610724581,NA,1.32149617055377,-3.38704781358086,-1.897918905534,2.61873335043247,-2.99013716619945,-0.494800526783806,1.03274278279957,1.46907283953388,3.2223818240416,0.868040123488587,3.99139865302055,3.82219501354872,1.2573716959151,1.20424414522317,2.75098496904699,1.12933113524161,1.46907283953388,3.2223818240416,4.65624221653108,-4.04500831757041,-4.26766479922304
2025-10-15,1.66001215416275,5.13736000754928,8.92431382293434,1.69456975303294,8.87469802690243,12.9556895341545,2.10523088531873,12.7386586836808,20.6249676263306,6.78145237241788,7.88541324642795,10.9297595761164,2.94628888192437,-1.15346862599866,1.56916227199323,2.56113841900667,0.329012327344408,3.79340929291703,2.61697742466769,-2.91053876316172,0.30801156986823,3.49730674877101,8.80503741654313,NA,1.33249202285728,-0.715889922609534,0.634591979092259,2.62948379803622,1.29985213238649,3.67476795218035,1.0392484842016,2.20998810802997,4.01473684849072,0.881454487282896,3.7157960436728,3.78350372103127,1.29727517617775,4.02396400249988,5.71042458477445,1.14013825405919,2.20998810802997,4.01473684849072,4.63464777736648,-2.96670698528948,-3.36275387623423
2025-10-16,1.69289821837979,6.68924960393523,10.6553610131773,1.70870250009832,8.86314732974747,13.2932549905631,2.18092523365051,13.5071940503804,21.7304035553171,6.89754133637152,6.77016552542327,10.1271149371817,2.88886846923105,-3.35407238005045,-0.879855253402488,2.58071465453455,1.14145337699547,4.50952564806641,2.56990289487926,-4.08302005260126,-1.1953596676752,3.46904274496325,7.69657079067744,NA,1.33201801757956,0.0978787250686461,1.39084464706406,2.66754799339659,3.51776468758563,5.95752987518766,1.07261888902831,6.19781813582991,8.2332794651612,0.910216970016554,9.31927737206651,9.95692622915396,1.34637414578804,6.65127620070787,8.62726885787325,1.15097672086781,6.19781813582991,8.2332794651612,4.58630924810526,-3.01335199270099,-3.58179747396075
2025-10-17,1.71602230919307,6.07387825479179,10.25956795904,1.71242935444498,7.00185009081221,11.7442856282821,2.25372336723014,12.2433661185566,20.8999211468,6.9241111329279,3.30607467030586,6.84389101295951,2.84523085991167,-3.4297530873604,-1.25488823496611,2.57855696145042,1.01530476242234,4.31479385636634,2.5173595858297,-6.28775512730312,-3.82625931247633,3.43273358957843,3.67822031843809,NA,1.33287270008309,-1.34875996304763,-0.170259069835975,2.66614645380725,1.43148197467577,3.91123321010206,1.0964351915556,5.83988469897684,8.15177305797918,0.956045867745682,11.8263664134379,13.1459437077654,1.37336296680719,7.34627874379221,9.66979762019088,1.14418658467599,5.83988469897684,8.15177305797918,4.53556961475758,-3.81680873937641,-4.60568698366471
2025-10-20,1.73263841773718,6.98686921182156,11.3704575563855,1.74813462335261,9.37881931834646,14.351178722261,2.33661735580903,12.6926796152758,21.6264775370345,7.01200826093225,7.41798041903713,11.1043820034299,2.83435405661314,-1.1038278460498,0.872756808841209,2.62914763571067,2.29403746631581,5.55749403097897,2.51847954049729,-2.50664131914024,-0.375145823553982,3.38887768903645,3.37021861020842,NA,1.3498320927269,2.86424037198595,4.12344115300637,2.8176385868822,10.3616146953751,13.1434927210094,1.12015955645452,7.30048034201335,9.92116510382936,0.993432801934336,11.4642664541106,13.4298120690753,1.38609034088122,8.88701830863823,11.6100365944904,1.14381265113505,7.30048034201335,9.92116510382936,4.47088661390322,-1.95139247004071,-2.81804425458267
2025-10-21,1.74011567942749,6.69171278318464,11.299212897258,1.75580236770529,7.94275264703514,13.24355899562,2.38071239751573,10.7175935060221,20.0479376586651,6.93386868895967,5.17521057198372,9.10245331593395,2.82710285441412,-1.15658003806062,0.67415428200641,2.71890612945561,7.70090805816271,11.1136970599201,2.53774142998415,0.600642205474515,2.62239976067411,3.32252413887672,4.71452055336865,NA,1.35450446703139,1.48521415631294,2.8022267474031,2.86713790441306,7.18078400377519,10.3705053571657,1.1493154105177,7.55503788130159,10.5122394609844,1.016307124016,11.6725449184294,14.2531180270181,1.399361778087,8.01924045169927,11.1327001151287,1.14563977406788,7.55503788130159,10.5122394609844,4.40925066616012,-2.96077376436559,-3.98755816497977
2025-10-22,1.75170078456492,7.23681403672617,12.0497260814612,1.77704996552614,8.35733538076388,13.8961436724421,2.4144043294276,10.2916769771621,19.8273724223402,6.87935550545037,4.79458002589686,8.85975463756657,2.80941111755755,-0.139335921540393,1.59354417322488,2.87239757065498,10.8193128145505,14.616952246135,2.57967808727915,4.03708696172727,6.15407441252955,3.27938009415647,4.34754587647612,NA,1.35488778251636,1.3125891046494,2.65967160038867,2.88983834565302,6.37715747834357,9.84103187756147,1.17581479345248,7.86464634785324,11.1578950028164,1.03634070706224,13.5803443706322,16.8069276055576,1.43070605232605,9.70810286371055,13.212428427105,1.14997247396331,7.86464634785324,11.1578950028164,4.39901661295394,-1.48717413010089,-2.55315820280878
2025-10-23,1.74682368396972,5.79185841324131,10.8162961658188,1.88138550038582,13.3150653049629,19.0918484154275,2.43171133243997,8.77936575882101,18.5447948059387,6.8490637219298,2.61365590552975,6.75943280138395,2.78368755742452,-1.19123758845612,0.41949937821674,2.99473640439674,9.35771676767312,13.6053527264519,2.64466636489274,5.36020032193186,7.68606665261224,3.24079249920025,2.08321271726372,NA,1.35124103943298,0.495176876204906,1.83013024093421,2.872014922099,3.58090704544271,7.21667118334506,1.17935675495702,5.66093374871568,9.23077334553336,1.04354552696076,11.2896668595333,15.1283094593293,1.4405932364923,11.2965285413143,15.2593333616954,1.15545645551042,5.66093374871568,9.23077334553336,4.42922180516357,-0.704040233357285,-1.76465955148519
2025-10-24,1.757372835595,7.19826314744958,12.3604836384539,1.95379001214073,14.7367748689142,21.0091599847962,2.49736932620136,10.2084872873769,19.9655455828395,6.90026319764665,3.21867990427914,7.36257270396514,2.76439558365964,-1.68325995741115,-0.229681224870252,3.0786969716443,9.78789643031727,14.4092635324089,2.65625144951587,4.86501189719199,7.40050743659156,3.25655034057275,7.75338742698224,NA,1.34490759063736,0.795738348683673,2.12265845438827,2.91574771909433,5.59872518871097,9.34412543489782,1.18250274561479,5.05698748726681,8.80256382153788,1.09618909014443,16.4116938805717,20.8312362955023,1.47733977588861,14.2232057217886,18.7214159993165,1.166898988059,5.05698748726681,8.80256382153788,4.42467333707194,-1.95789505403167,-3.1129266061105
2025-10-27,1.7836063713759,8.59379185605236,13.9627649740141,2.0143988035429,14.6674515696498,21.4978359879058,2.58409369644954,11.1066173872182,20.952937049624,6.91987536829235,3.48695767993246,7.65811955088208,2.85439508427411,5.04841765482805,6.65783341702752,3.17069085443861,13.7120624517456,18.7370593288702,2.68689848588779,6.37124270746473,9.14606898335256,3.25723066967837,8.28292378169939,NA,1.35707489574841,2.75286782240042,4.16933285307435,3.00669745872427,8.30106151264375,12.2772608480456,1.18773880467226,4.90025927144577,8.78876110313109,1.12034986180942,14.2746525310462,19.4369883979862,1.54491615922729,15.8628409738964,21.0001276620997,1.17919927000168,4.90025927144577,8.78876110313109,4.4463262879089,-1.53428844880909,-2.7361742343552
2025-10-28,1.78609479520584,7.15979491147224,12.7999450590457,2.07283875840684,14.9289064356827,22.274861949414,2.6178566136136,8.38114981474496,18.5564569043427,6.92931994543143,3.34552438499204,7.55151430357488,2.92618088656954,4.51204768460422,6.3387330557154,3.16638335305112,9.85997027782255,15.4558916278343,2.66941765866921,3.90448925982623,6.87079894979725,3.30899202556815,8.80777495174061,NA,1.35894277370506,2.24847245198804,3.75236063829449,3.07350999969529,7.24456850056354,11.5256629981445,1.18495204680599,4.13968419192825,8.14478352105705,1.1733624557133,14.6419379621314,20.3980265342936,1.59523225472514,15.5879834473357,21.4088740736215,1.18895676693357,4.13968419192825,8.14478352105705,4.48544685136492,-0.193608617660938,-1.34533395924428
2025-10-29,1.7937539844354,8.04149690677433,13.8575187456124,2.17918928984086,16.430999249378,24.2381634581082,2.70393473917905,9.28884451560505,19.4390899928713,7.11833656252382,4.74893521671159,9.00446061647308,2.94725141714729,2.48876619259566,4.4302924888613,3.16671347846355,9.13529779762142,15.0632920223959,2.655118737708,3.09588760603982,6.15188364085863,3.37843256852063,13.0745859768369,NA,1.35862711098014,0.987318576138537,2.51047053859649,3.11393213321436,6.43917413373911,10.9567508285409,1.19486445304956,4.88234865469749,8.98225544775854,1.23467466065231,14.5850663428561,20.9227404077869,1.62781901415909,15.8871360464677,22.3328617424418,1.20169100076856,4.88234865469749,8.98225544775854,4.46524235906843,-1.96356975694903,-3.21354324062961
2025-10-30,1.820460974623,6.93114470010259,12.9713974074065,2.2871069948269,17.3981712313671,25.7252647880083,2.77850110598559,9.75930953175396,19.9547761564451,7.43795848279258,3.40205842516326,7.74379689941629,2.96129843753246,3.05796949293933,5.09565883257156,3.23977435291471,9.27906628797285,15.4789100943195,2.64646780245013,4.84428540393379,8.01196800383827,3.38542666991808,7.33626423585654,NA,1.35763621181553,1.04897628254842,2.57480557740298,3.1347007599587,5.74822301466411,10.4485508219757,1.21245828571164,5.08894812076948,9.31243928731392,1.26803169467216,9.96683117551438,16.9275471601172,1.64571430352326,13.7990379004074,20.8932143902893,1.19564560627095,5.08894812076948,9.31243928731392,4.54125677554286,0.0942151596167321,-1.0765520347257
2025-10-31,1.85866645078071,7.01158289136835,13.1980785140427,2.35050966593886,16.3246021682475,25.2735001340433,2.81274916240333,8.91673239517839,19.2540727816906,7.62683840769586,8.80097052201123,13.2442441639408,3.04245139594203,7.32588920322012,9.63551879784849,3.26126636201411,8.68730665683301,15.1607450747484,2.62747533153409,3.12787639538415,6.40937958517593,3.36388967491358,6.15954519556311,NA,1.36009744176448,1.1353945217935,2.66863946640025,3.17326427914444,6.51092421470767,11.3606958862795,1.26342165688999,8.87968839902514,13.2853448819232,1.28548568236027,7.11770055664382,14.4021542106474,1.64376358507907,11.4440492081451,19.0595917301967,1.18642431337222,8.87968839902514,13.2853448819232,4.60119002677925,-0.202077954904829,-1.34302078492528
2025-11-03,1.90573763225374,8.299931819593,14.6195491494585,2.49433853705313,20.718031794793,29.9233114429027,2.94038499356887,10.9245230072644,21.1885903890972,8.40619495008056,15.3701674963674,20.2076695884942,3.13512617438673,8.13138580242424,10.814150541153,3.28519974709263,7.94001155115899,14.6452035246567,2.6703594433821,5.54769525250548,8.9462608237122,3.33861512438164,4.28765419734118,10.6642920747997,1.36720146316649,1.91806491562472,3.49527776543285,3.24840890903124,7.24480362607324,12.2783963227272,1.29975128663978,6.97251640736332,11.6916374833425,1.3039560098549,6.76523134573105,14.1558190963888,1.71138901076878,15.8099532030309,23.6075564995212,1.1605508711518,6.97251640736332,11.6916374833425,4.74914355278248,1.56930578796341,0.59146236076859
2025-11-04,1.89991693184291,5.7035157826658,12.2606291893486,2.57408868287691,18.2788388221732,28.3124061831042,2.96706031848535,8.75076586328695,19.2928420025637,8.85921225132831,12.2073495200023,17.7141476681845,3.28155524022653,10.8877817426574,14.0300142173453,3.28354547562252,3.97005630847558,10.9066918500855,2.67073513235995,2.69048923389111,6.21135651854371,3.28792410705396,3.25798324188208,9.63024707640906,1.38715639572061,0.935925414178213,2.52289072190346,3.2222921230805,1.94938139340961,7.17168407792429,1.29964586717605,3.82930011965721,8.73401702162827,1.33062166649339,6.3651956068516,13.8395240972426,1.7186591107595,13.2812730101974,21.696071005013,1.13914908575126,3.82930011965721,8.73401702162827,4.86937884182043,1.19720723791586,0.329492349350096
2025-11-05,1.87023543286107,2.64196388350376,9.29148770310942,2.57315316497197,12.5604924916713,23.4969148842813,2.97281720359565,4.77034819430497,15.5804756516196,8.84055582808786,5.95909802206662,11.9576772970791,3.29988607143357,8.51544078450667,12.1117245993224,3.20079690637168,-2.04201664334511,4.92831724145042,2.61808486870196,-3.96667083781994,-0.583551414279953,3.17880587385246,-1.85518876518124,4.48825846401411,1.39928899806801,0.815722277148614,2.39149127364159,3.1678042398871,0.0675029929034959,5.18512627237839,1.28780534271247,0.550974910755798,5.45526249221338,1.33131293166263,3.10234944299543,10.700857928975,1.69717997772632,7.18041619421292,16.2081476396565,1.1113845510767,0.550974910755798,5.45526249221338,4.86005162317363,-1.80045775629363,-2.77252118672932
2025-11-06,1.84204743085974,2.99114916168678,9.52154246376666,2.59341106881296,11.9937116125701,23.1602957939363,3.00070845667057,4.710195825567,15.3405347956463,8.50745025518862,1.73392028749792,7.85238095113284,3.3185354266002,7.31088092486979,11.2352492651875,3.11841595300309,-4.07709105831262,2.52917240970682,2.60061826725549,-4.29046815378588,-1.28144058463889,3.04274437265025,-3.36534342467819,2.63252050751223,1.42181586057106,4.00505481791998,5.71190199941284,3.08616300884077,0.405512674873656,5.3288228191313,1.28069634272482,1.68108433460041,6.43520916000163,1.32767317368724,3.06793762468577,10.5366920195225,1.67807403454778,7.1545140282804,16.2032657379953,1.09702768521392,1.68108433460041,6.43520916000163,4.684122294985,-6.34512040959316,-7.7197718619418
2025-11-07,1.81545511751304,1.02580509489032,7.48375176498136,2.56420401031334,7.30038055517168,18.9595688384412,2.99696739069542,1.73009716486391,12.3505835518465,8.34588326144553,-1.34369894975257,4.64419314728534,3.29775285806348,4.80702535535823,8.95641555704629,3.09391235096281,-3.37972122164913,2.73736918515687,2.54753496662621,-7.75160264257542,-5.22198665759766,2.93457021900247,-5.82819836647314,-0.254916393302849,1.43059011012237,1.78703872494309,3.57228081431305,3.0090774931592,-2.41999308676488,2.30669735470858,1.268110179519,0.129995715335007,4.77715811654874,1.30337679412209,0.176557703995295,7.57602459293989,1.6571996531295,2.10758816543499,11.3837997254468,1.08018899944494,0.129995715335007,4.77715811654874,4.56683607619259,-5.2538950207235,-6.89327322525504
2025-11-10,1.81392755664116,3.59802376323392,9.84050986695228,2.61686901369687,10.217013239985,21.5691983831478,3.03914381609553,5.22566704025821,15.3331496210511,8.26237328755936,-0.3156362356989,5.36141763101936,3.27532607766752,4.40147493195865,8.658262001479,3.09998916729787,-0.729470910476798,4.95626202116494,2.54917660562361,-3.58642684630802,-1.46351461012006,2.88428722429517,-2.8203942606133,2.2225223798934,1.45712172954541,6.05117355320695,8.05549693130727,2.99064420041882,3.04680313996644,7.52016985955306,1.26992028289339,2.20488479431125,6.70319190334845,1.29948101200995,2.2779428074246,9.3615487289224,1.64854857212271,6.15386886106386,15.0199900116109,1.07674975378278,2.20488479431125,6.70319190334845,4.40533250138339,-5.07589953875399,-6.97061764137124
2025-11-11,1.83030987875441,3.87016335532025,10.0652077813526,2.67760641258873,10.2554767541537,21.6616770550343,3.08959666772071,6.29314076767705,16.2166633833863,8.31560607037678,-0.3631166637092,5.07348354536305,3.22823088559384,2.21491915286715,6.52548987001069,3.08002693065729,-2.36023791074692,3.05829386813468,2.53528249344519,-5.08037066640285,-3.31533757269021,2.83002377548531,-3.45981823372538,1.21839961526878,1.48144336328548,4.38689905947671,6.60890437376974,2.9392188252762,0.506343436366096,4.94589250255673,1.26877296951211,2.15942030088538,6.60699718067635,1.30645189391879,2.97789418778365,9.89752252709042,1.61884857900273,6.42877748350193,15.2588954226803,1.07341871736128,2.15942030088538,6.60699718067635,4.24829292571449,-8.7580336111746,-11.2005059316699
2025-11-12,1.83883133082607,4.39154916461371,10.5546679961441,2.71335219765809,8.01499151822277,19.6407406619999,3.11979571218491,5.60527155705695,15.4966670233494,8.25428917115148,0.7447171584329,5.95249277021868,3.50970240760365,11.7963287761099,16.209884262582,3.06591832464588,-1.78452506916397,3.29129139283123,2.53659989658822,-3.96764016889389,-2.52871583375927,2.801489730649,-3.03903284477172,1.26316708035869,1.51326693273898,7.43047299862402,9.94001043847032,2.97084942499308,5.12121848428705,9.48281294979873,1.27820897276953,3.69645578515937,8.1143770990907,1.31041571495443,4.60258750575052,11.3913201927683,1.65170031631007,6.27069578054974,15.0972988046875,1.07483174734384,3.69645578515937,8.1143770990907,4.13434290168179,-6.82372412353762,-9.56669652063325
2025-11-13,1.84271222687097,4.61229352711758,10.7755714282565,2.72674192981552,8.08518665776685,19.6437843406572,3.13133793361293,5.40452803613671,15.2056062165741,8.31021665943819,0.483854323145247,5.52794626306156,4.09164988536483,12.3506745755589,17.2667442653306,3.08853051734577,1.25119113609035,6.05366964230928,2.53395145048513,-2.45078149871574,-1.2367765576067,2.80430014181601,0.834325208673022,4.86056670995439,1.52979990161995,6.3783628546575,9.19434817384381,2.991936491471,5.01842826536895,9.50092669198194,1.28920773953624,3.15340372940742,7.60263550873279,1.3308275351382,5.92071229353815,12.6770933173026,1.69083295067809,8.04385843822511,16.7853493707917,1.07733107630232,3.15340372940742,7.60263550873279,4.07380450830461,-4.94029912432413,-7.84796912160763
2025-11-14,1.81169814684714,0.830991552114832,7.03333637022478,2.6777694847795,2.05267539876328,13.9878485443211,3.04969180913118,-0.50369209886211,9.4752669871679,8.19019284233601,-3.58073352317001,1.26012826395639,4.59426182221579,12.642971161894,18.0616321194856,3.09239903696474,1.35017068339479,6.03665280831382,2.53130414103347,-2.44955414825712,-1.43191081277025,2.78215733076368,-3.01456957378064,0.829639269560448,1.52521273391381,2.25430445889817,5.21176725327708,2.95861873944942,0.336666344211852,4.87490324860151,1.28712405485718,0.721529336690446,5.14494728177967,1.31778150602069,1.74545625598881,8.62037214074274,1.68963820299849,1.60515755988638,10.6758732624479,1.07588267766777,0.721529336690446,5.14494728177967,4.07047347373356,-4.07839911120212,-7.11305906395272
2025-11-17,1.81142290953056,2.10793825204306,8.10751060855901,2.67739272459363,3.65303318687478,15.1139747492135,3.07429342838604,3.34916260265362,12.7429912451141,7.95891849379355,-3.57218454853216,0.87415193083198,4.94862284986892,13.6145906237793,19.52045027503,3.10938611856242,2.57067359664596,7.16448829302208,2.55069955725631,0.353703593644533,1.32623205138297,2.77394538904616,-1.95980192029002,1.58188276765772,1.51161844791163,0.76862851130575,3.6985423028147,2.92198815947551,-0.638255922775355,3.72808256001466,1.28416556576166,1.2206803974765,5.51934648574692,1.31181788755671,1.44745804599325,8.1521857526834,1.66347314241638,2.29713818505987,11.071670283976,1.07906990249834,1.2206803974765,5.51934648574692,4.06208146829501,-3.75472141369932,-6.9048701583534
2025-11-18,1.79443874595929,-0.853522278417489,5.03759668400031,2.65625996869209,-0.339150037184527,11.1116895261735,3.02884308874282,-1.32144085991259,8.0713187576575,7.77448390067037,-6.90257289843889,-2.89067120631355,5.08414565218948,10.8220136506851,17.2749700316329,3.0958969438459,0.738247378527577,5.27711512453072,2.51249246919421,-2.6096221251302,-1.80645538808422,2.78484559202789,-5.68676267691422,-2.49172810863704,1.48577575759472,-2.76367343331995,-0.0113257928479413,2.85019197648605,-4.74095708531827,-0.647581183416449,1.27120767786496,-1.70665457125556,2.44766813562655,1.2866557012361,-2.50328876581249,4.05896671624824,1.62975559676313,-1.15743014877692,7.50993026578051,1.07185086523145,-1.70665457125556,2.44766813562655,4.03488719296686,-5.30686321017814,-8.72364768634227
2025-11-19,1.77531565823263,-1.29742131124532,4.31491477508135,2.67254467558579,-1.20758951094147,9.82858271333926,2.98479810250369,-2.61906419145769,6.38331143916369,7.69993021580671,-4.58059611375594,-1.07598988852762,5.2098525927272,8.04061639700668,14.8729143323288,3.04848264465257,-2.03342683547598,2.33270910487077,2.47291421769239,-4.71792355028749,-4.21879484278482,2.75936273242888,-5.63055382899476,-2.8938734059915,1.46737661136144,-2.17885918641598,0.321492319975105,2.81262695827369,-4.28943736290701,-0.62218584289031,1.26178440294576,-0.462755349976564,3.45309481818773,1.26304657465311,-2.50439754020068,3.66172688194431,1.59243901740939,-1.82854743694129,6.45678653236429,1.07274830661056,-0.462755349976564,3.45309481818773,4.07538517546429,-2.83763513163763,-6.22846982126167
2025-11-20,1.78716791712089,0.533360195232056,5.85818566445964,2.74224924282759,1.73615970351818,12.1194835665628,2.97089763313088,-0.0440116649852474,8.3859542794448,7.57157335458427,-2.79262687424084,0.353523301649326,5.37294576577185,9.99144608386694,16.9601434432703,3.03288207687743,0.604509489402479,4.72578535054437,2.45622718257022,-2.77058308720189,-2.47016345458097,2.82970659026109,-1.86019360142166,0.565005915237566,1.45120822713255,-1.58920256960194,0.704763027803231,2.79170325431103,-2.26758349057178,1.05520218129955,1.25236348771399,-0.349823658938049,3.38795263211958,1.25482492620395,-0.943695061554213,4.83772671747099,1.58000625284692,1.68500092927172,9.4612178434079,1.07853763076363,-0.349823658938049,3.38795263211958,4.17952527701898,0.968640646213037,-2.10543075589949
2025-11-21,1.76026803099071,-3.21040604870932,1.91675604090948,2.66532778533318,-5.9234311067611,4.52686182296656,2.8757259047345,-6.90156088383514,1.38446598363743,7.36862554068122,-4.65001521564884,-1.84615706339842,5.49774655037313,8.46608532551953,15.7328916647807,2.9808583893076,-3.50704787434938,0.413954873048731,2.40366359282381,-6.40228019368151,-6.49797509845035,2.8231113815574,-5.74124692933159,-3.66404319149723,1.43769770359528,-3.7089345995585,-1.68012550669681,2.73243814275186,-5.81482859318779,-2.85255794739787,1.24215946261912,-1.32492850271439,2.22411631401828,1.23089112084091,-4.83312901464896,0.664327357030893,1.54395592043136,-5.61212113059764,2.11107061483969,1.07772525328871,-1.32492850271439,2.22411631401828,4.25512332711329,0.519654711558318,-2.41344731059135
2025-11-24,1.75373522958883,-2.62510460152734,2.12370017808844,2.60455518528647,-6.39070810544845,3.36211888595237,2.81055999082728,-5.9871860460371,1.58201440597637,7.41120695935702,-4.12076670844517,-1.68447755182201,5.51987346366888,6.2307853967465,13.7188983906294,2.9381714484175,-3.19020776389615,0.380184561587608,2.35627769763167,-7.85229808430084,-8.43241784336104,2.81216464343758,-5.98471986151159,-4.34306073974015,1.42791023055575,-2.99278050181561,-1.23638332135857,2.6949878891352,-4.15452474307748,-1.59856234746329,1.23221804727025,-1.94205512210257,1.37520794230589,1.20468374704502,-7.06799446541288,-2.07368541507901,1.50987067105916,-6.83070013357192,0.302803813693374,1.07562635933533,-1.94205512210257,1.37520794230589,4.36414952655903,-0.924808325117147,-3.84382682939588
2025-11-25,1.7649806526792,-2.30565581226859,2.11074414015347,2.57163342129568,-3.96108148299606,4.98674750194538,2.76539795324618,-3.17661251096393,3.7291569145114,7.30043677897115,-5.12393500602566,-3.0657803638898,5.45855059369418,4.03101618044667,11.6112980935127,2.86328748926492,-5.00388001639247,-1.80553848454315,2.32821381570202,-7.36868605328911,-8.38383063740422,2.80159185186569,-3.95225131486699,-2.64374855698394,1.42684844996544,-2.60956206526684,-1.08540420347008,2.66178177036627,-4.57081506373564,-2.37694974808091,1.22559043703767,-0.562001534528654,2.54907669743872,1.19199619950623,-5.65938868821419,-1.24779221609179,1.48427525878384,-5.19721135448862,1.2650393463825,1.07318889071968,-0.562001534528654,2.54907669743872,4.45534760669639,-2.46508248530285,-5.47227886342225
2025-11-26,1.79347844143972,0.0442601126412795,4.19255062315816,2.56582134688755,-2.03719737912161,6.29223387315709,2.74388040307357,-0.358886918925031,6.07507643431093,7.31129473551288,-2.86420225973677,-1.10094514716213,5.49695722639721,7.69973071002622,15.1195860183342,2.82056888408904,-3.2449131609399,-0.414400028051571,2.32008470567756,-5.5073469271061,-6.81205191747962,2.83493457344151,1.40524363458,2.68286256414527,1.43784745645866,-0.288772906797471,1.12504617406885,2.7014388994867,-0.448731108813075,1.54917843046314,1.22744949412053,1.29286250590638,4.3028125238955,1.21087517729065,0.261189694393116,4.27734447711893,1.47822064926007,-1.04579161801345,4.85975946735798,1.08298417742331,1.29286250590638,4.3028125238955,4.51306066892571,-1.53611835093065,-4.49886606282268
2025-11-27,1.81667713528679,0.696013037989288,4.6958130905852,2.5970656556354,-0.176055919144759,7.67131365935953,2.76389726915096,0.558570002508433,6.71467465278664,7.44559048840581,-0.930241055224747,0.676030193311024,5.53756218393265,6.14002428293838,13.7196383495502,2.76487457343709,-3.84278705779807,-1.3348148758711,2.30761186926438,-6.07572831824037,-7.71982601543094,2.88008781760284,0.883188946104603,2.17073398320585,1.44127784071411,-0.323633241487331,1.01563633505516,2.71551806103025,-1.03000197018782,0.838960876335968,1.2286888655091,1.73328500084697,4.71427301917802,1.22141086176949,-0.0416317445478013,3.8263339403534,1.48758650214887,0.147427070798823,5.76264306103745,1.08328513267866,1.73328500084697,4.71427301917802,4.65027709533746,0.147427829004098,-2.64237181494658
2025-11-28,1.81414221115603,-0.715214857407538,3.1409708369559,2.60460691506336,-2.32807326741947,5.24781633518731,2.75318851686783,0.204299292373545,6.15143078549255,7.78923522073134,5.84290964806778,7.63501029450113,5.70606577825233,9.07420026725607,16.6166786675446,2.7061329302249,-6.29539727243373,-4.20329621147479,2.28959817910989,-6.77241267138446,-8.7923709514762,2.90145673728724,1.05850806057633,2.3575246845748,1.44785727896511,0.0799569453108777,1.36637264978,2.71048542343309,-1.65485738594371,0.0525468883875025,1.22951511310149,1.89701194092267,4.86796847205022,1.22365061643025,-2.2267506416605,1.44152932181412,1.4900011871496,-1.28085843281611,4.1192975074682,1.08763859343583,1.89701194092267,4.86796847205022,4.67695589783791,0.942427113767993,-1.65561045862166
2025-12-01,1.81425233373841,-0.882501922391658,2.77738791337319,2.57736288484387,-6.2075777611499,1.00928442931442,2.75979410848939,0.933940792069352,6.65827536136798,7.98808001485348,4.36046653630217,6.37100211254084,5.9126905895517,9.46380202207623,17.1860447026385,2.64455928372154,-8.49363650557851,-6.95102453088935,2.24320358240548,-9.30544829365744,-11.8862271065252,2.91679433912974,-1.34445931338442,-0.147535893460179,1.45809700124248,0.472767902811221,1.73253501185958,2.70919015245777,-1.90825538713571,-0.378635673762213,1.21908038299672,0.383613711512291,3.30467490043548,1.22446035263384,-1.48284456446687,1.92949837268668,1.47773006579646,-2.94878976107224,2.15835305918893,1.08586897369698,0.383613711512291,3.30467490043548,4.676227818998,-1.81032173412373,-4.49273820786772
2025-12-02,1.82992637281828,0.909364555797099,4.41624281876407,2.61520080549509,-1.5602531060866,4.98430277323104,2.79855973576291,2.13974831832122,7.69264404805831,8.35055608605592,6.88080781486771,9.17302112520737,6.08365593573242,8.11708431478844,16.0794425996449,2.61231511681385,-6.13601721475018,-5.05722259437129,2.22197231714823,-8.13991026235339,-11.1164983558403,2.96850231170138,-0.185153985367386,0.94043279877035,1.4871665171789,3.16459644312722,4.53412440150142,2.70214717620586,-0.328822928027364,1.0981730658143,1.23017160498589,3.70208394207077,6.63335418697425,1.23320137961264,-1.00686883394536,2.19735895588779,1.47146392669027,-0.184396773018932,4.58021367676054,1.08417012421437,3.70208394207077,6.63335418697425,4.64488585448217,-1.26193421951364,-3.90677695184206
2025-12-03,1.84697599621543,1.92378422175044,5.37087888123178,2.65181603998975,0.621605448471057,6.80886492174686,2.81409491742085,2.17662660684827,7.632035770611,8.65876052719959,6.86708126429309,9.47783893272551,6.20941896840535,7.52853901256587,15.6278320792534,2.60762841881349,-3.39411684646231,-2.59107738294135,2.24484864639366,-4.33676322621194,-7.37664749087605,3.07284023813439,4.13879481665558,5.42513556171202,1.50537550844784,3.26655447352179,4.77858117881693,2.71805006626581,1.35847072975098,2.78861024408539,1.23835043596674,4.22232999551046,7.27187948179543,1.23902873093185,-0.437467926531627,2.59806492502208,1.4754235865854,1.52434300494522,6.11108263760308,1.09238141171324,4.22232999551046,7.27187948179543,4.60856292216033,-1.76927014843496,-4.43735084395894
2025-12-04,1.86194255581929,1.41136558326266,4.8229580192879,2.69141280173355,-0.306793856595924,5.67629827290201,2.8072707554299,0.650881792384898,6.01073547209637,9.25750217786201,9.86404446636383,12.8745128016387,6.2932609901873,7.5274920039951,15.7086729708387,2.59089633321257,-4.15191991227145,-3.62854082579983,2.25040106667824,-5.13141315022467,-8.40718551570468,3.16859858502585,3.05240011079435,4.487163182351,1.50619820441438,1.75933731627961,3.34086014950544,2.71011360616734,0.363875910517606,1.7737834847696,1.27048221154845,8.06602236607176,11.3518687457338,1.23949646396003,-1.9766033804231,0.868233639899301,1.46561840484211,0.250057742242147,4.72825608304423,1.09681739739908,8.06602236607176,11.3518687457338,4.59977592325706,-2.17188651234242,-4.88571883321607
2025-12-05,1.89172105425354,2.84994371178391,6.2464125052427,2.77191292468355,4.17204744737948,9.89699475077645,2.80615750405519,1.52138480624143,6.71182887824249,9.59615989011388,7.26550285783702,10.6666339865216,6.23772312021273,2.14570154670279,10.5771769063024,2.59575057449903,-1.9060080879168,-1.53104753276644,2.28936982885232,-2.4822654106165,-5.71179168602974,3.41365227706729,7.43980174568989,9.20544855199976,1.51416101319813,2.5878492486414,4.25056188024157,2.70688245352448,0.807339028896516,2.20476157774978,1.34133842351817,11.0282859765048,14.7265541936179,1.24664262168139,0.349597478284799,3.04118375567497,1.4595602691289,3.10506103932621,7.46266260172497,1.12988269461157,11.0282859765048,14.7265541936179,4.6371171340598,-1.83779829117976,-4.55541237632525
2025-12-08,1.9181736505536,3.71077550487821,7.16178291819438,2.83127465034714,3.75699372257116,9.49118839374136,2.86211247068962,3.55949297267116,8.64460995728105,9.87638474765256,8.59182677481404,12.312976117272,6.15998213371516,-0.59762147476664,7.698516048732,2.64301138916281,0.583928064393182,0.971321150830876,2.35237950971863,1.49936258076553,-1.3853446046539,3.4263729617955,4.16097385922044,6.16709064570229,1.50854314951521,1.2533034270331,2.94813789271619,2.7067881725187,0.164367777377981,1.52563575744117,1.38936058115273,10.6267336441068,14.8093371476615,1.26029136324231,4.26717891148513,7.00411237410837,1.44690577390519,4.44061988310701,8.82439092808077,1.13791044535566,10.6267336441068,14.8093371476615,4.75458101046264,-0.752367889173353,-3.38419607785989
2025-12-09,1.92920845074308,3.29666538361882,6.81877736615493,2.82149266652729,2.09898894241672,7.82054441631713,2.88051673704005,2.44686709827312,7.52739413287147,10.0147986087932,7.64705257473406,11.7012449901071,6.10172600835484,0.510408611355432,8.4207604371196,2.6841239779509,3.64540055743051,4.23042476600688,2.41466457410384,2.29114075660729,-0.30950949364835,3.40428706746659,3.28540090717216,5.42693061929387,1.49738356225388,0.924778739378023,2.61422318813726,2.69642621473423,-0.647123096418809,0.632215499200778,1.40803574211186,8.47800288790866,13.0780251637422,1.26392305572086,3.34597908005613,6.1983923254464,1.45187170299404,2.78916392724588,7.23357481895906,1.13703304330466,8.47800288790866,13.0780251637422,4.774262762015,-1.27467168560573,-3.89869387918866
2025-12-10,1.9341648881989,2.72794098226622,6.29069690078706,2.8320562750715,1.95415908143436,7.56892245696872,2.92886624244243,2.80271896826259,7.82498462647155,10.1131248550393,7.2053536435769,11.5333499731541,6.24289502024899,2.85359611864637,10.428485807638,2.68992026769875,1.86520015996222,2.5520139399783,2.42356583785845,0.361215950114019,-2.1634624495331,3.40047969177627,2.56758339437088,4.79363631896873,1.48409040730295,-0.59484684911629,1.01743478572613,2.67921922014794,-1.5312368054658,-0.384115930853818,1.4134237025253,7.53500492481585,12.4284337469245,1.27659568759375,2.85371862200244,5.77641367341738,1.44465197584248,2.46490718716469,6.89049940207182,1.13437169664386,7.53500492481585,12.4284337469245,4.73801340392048,-2.26644039056048,-4.958524587963
2025-12-11,1.93326901182939,2.13890423973757,5.70718951784447,2.83150537806062,2.22530715552769,7.7298665530173,2.92330115656564,1.73052173839046,6.70717432853333,10.3904375445341,7.09113065956833,11.6601505554932,6.2652194166923,2.87279189202052,10.3044162789719,2.6985871503701,0.976218340317225,1.70183193170199,2.41274811808561,-0.814783059712105,-3.3216226708256,3.41759123826815,4.39443131688237,6.75503359098447,1.47639899002433,-0.879653921620792,0.620744844884097,2.66774789042375,-2.30310298255044,-1.33256388902406,1.40603011430123,6.21036241624835,11.3305486347733,1.27205887100746,0.983051022482821,3.90308240490707,1.44127478075503,2.05334772653116,6.44104880409416,1.14297952533732,6.21036241624835,11.3305486347733,4.72310413877756,-1.6667930890473,-4.34578365329531
2025-12-12,1.94227214493174,2.84693669232789,6.41626717676196,2.84822304447749,4.18402151459483,9.60201751898695,2.92989966917218,1.85213316814615,6.73290262303128,10.5874133485019,8.94623762060365,13.7578803562598,6.21259993685412,0.911443419961284,8.24520080430639,2.7123695546612,2.0584985357072,2.87397279029108,2.45579199173144,2.73931724813679,0.592200912123935,3.68007967476177,7.67986187141523,10.3263075641629,1.47634435126729,1.42138086259962,2.91593207643996,2.69305738832161,1.21558328171727,2.19009168852731,1.41051725134207,7.10376443655271,12.3769391786499,1.2690343266166,1.91864567566663,4.81073636056338,1.45625479352652,3.37031490845036,7.72268576037909,1.16584847647073,7.10376443655271,12.3769391786499,4.67613673433521,-2.24520683135329,-4.97878836742627
2025-12-15,1.92367324962728,1.42179168859793,4.9842076836932,2.81570666485674,1.14439816867252,6.57937752358326,2.90509106297961,-1.17847279980545,3.58864848374047,10.8457876663456,8.48550679910159,13.6119182906154,6.23966536023854,2.31196721414114,9.38438567221489,2.71515423818044,-0.00738014265618003,0.792190215220435,2.43775893553271,1.01970927432366,-1.0142630533221,3.72625663018265,2.73600684293997,5.57631318499515,1.47162518134123,-0.315302936667225,1.12689581404036,2.67903315662898,-1.15114716133908,-0.262552535233597,1.40095374822679,4.84557411644313,10.3073329123076,1.26018362798679,1.46916318854392,4.34716114089499,1.47581451102036,1.29298940795859,5.63874747164604,1.16811686914217,4.84557411644313,10.3073329123076,4.66642473640944,-2.03137760931964,-4.7835417647821
2025-12-16,1.89927350607177,-0.810941851554543,2.6420445598639,2.7864357757359,0.287731523242808,5.57104239561199,2.84731771275359,-3.89016822887966,0.59042058858897,10.7578726423588,3.74814225709694,9.13933498202281,6.19984976657069,0.833394516414515,7.77681234295786,2.68019007431299,-3.65086224899378,-3.07776743438308,2.39664150042979,-2.30155771930841,-4.46863410576471,3.71119174090834,-0.117665148449683,2.68438343227629,1.46379632396916,-0.408423969628982,0.953808668617531,2.66762384807777,-0.771151603304052,0.032324699427951,1.38280783466218,1.80806068514789,7.32460386408256,1.2412979243987,-3.32312812806337,-0.619453334738092,1.48741836633599,-1.56255262627279,2.64377887375894,1.16391899803276,1.80806068514789,7.32460386408256,4.74017717554425,0.32937959078728,-2.23238181842101
2025-12-17,1.91360823441706,0.465000020739961,3.76776715028534,2.75743022127157,-0.557740239846354,4.52987675956684,2.84488214043834,0.168965286487303,4.31537236365903,10.5177524617984,0.498672892317527,5.88136854133816,6.08437428989637,-2.56991169931253,4.18923267778111,2.65367883873061,-4.26156941882991,-3.96919593418146,2.36482148344646,-2.3320009947731,-4.56410594347441,3.68149868444004,-0.148846706783492,2.5353608882906,1.46091845776513,-0.36952644871193,0.916404407103116,2.62088104801064,-2.57616581047858,-1.94780843666992,1.37071055895244,2.62165150391294,8.02537902507399,1.23075775605075,-2.27324933053867,0.163261487571686,1.51142844181159,-0.327519339479196,3.64580555940645,1.16112041729316,2.62165150391294,8.02537902507399,4.74306060036695,-0.413271837984955,-2.91957515030413
2025-12-18,1.92136464797771,-1.29607686771336,1.85741139141445,2.7143641140026,-3.97017846853554,0.858285704901243,2.8449765205378,-1.15470250589625,2.81527374429835,10.2427159038643,-0.593109882880963,4.60176526283268,6.05560664649472,-2.02716083080194,4.32054491918123,2.5975831656267,-6.87808084449169,-7.01406011362243,2.32685624318167,-3.6725401959144,-6.08070878518155,3.65952000268871,-1.68726055247004,0.831399097493939,1.45782919427376,-0.643423051723761,0.556443955571072,2.65769318520063,-0.907255467453525,-0.368976731182235,1.35715292756277,0.865400297702184,6.19958144770748,1.19912736862286,-8.14308546158648,-6.15236362769563,1.51499020378862,-3.70029642759445,0.0312478456142104,1.15665918184993,0.865400297702184,6.19958144770748,4.66475577916342,-2.57575916021407,-5.20162658853871
2025-12-19,1.91873527833899,-0.361589369782573,2.61903066390465,2.70368746975245,-2.15234943533742,2.28248906711408,2.83644896572266,-1.35150487659493,2.39188685062144,10.2227173466872,2.96386960738378,7.9465780143062,6.07714395740814,0.171596852786957,6.14848548293826,2.60821294528532,-1.93795186136177,-2.18280622422857,2.33064148064225,-0.0567139855528413,-2.29339267369477,3.63831761587046,0.0656208741135093,2.44769443393956,1.46045242936755,0.701227842867954,1.88121321708068,2.70695237801679,1.16771072016901,1.74591996742548,1.35753070249319,2.2315929458941,7.41199714658207,1.18145761152222,-7.14988111244338,-5.68419896896564,1.55948609794983,-1.14382093183972,2.28634158111293,1.16147156973827,2.2315929458941,7.41199714658207,4.60946690716547,-1.77957136627859,-4.39767851065914
2025-12-22,1.94218337328684,1.33583450232944,4.22983482767051,2.70416300962602,-0.942331521779621,3.21390891063493,2.88746106339681,3.25983804329252,6.88246124969273,10.2093849752358,5.65049563102332,10.6257899536043,6.03792882277868,-1.35931024531632,4.3953170431998,2.61690036155978,-2.37142735750996,-2.75509365146879,2.33492832971518,1.91432436655331,-0.0694466041919999,3.63509924518724,1.18697132185722,3.52058474200404,1.46727422552545,1.38187973160895,2.59172460251294,2.75215076443097,1.44434461524988,2.08690254649045,1.35856723543489,2.13795427657366,7.24089658748717,1.17377837487667,-4.56598220292079,-3.46814310907062,1.58915002739064,0.0480857095724515,3.30770775707706,1.16727534328066,2.13795427657366,7.24089658748717,4.57877897489136,-0.813218537760892,-3.35724154142394
2025-12-23,1.963815676595,1.43857548525707,4.30099857657797,2.68359845376412,-2.47779391850386,1.43309337023851,2.92834150841807,3.38897797797299,7.06190036462569,10.1823457111446,3.72615794703264,8.81468838851602,6.028928869102,-2.31659219526521,3.1344407325284,2.73235338279924,2.29472999082324,2.08586972564942,2.350129731125,3.88808605749322,2.26916490139237,3.63513697550421,0.240338890544946,2.51822507752182,1.46987094626071,1.89875915610637,3.17028112411186,2.8193597146,2.3683284910709,3.12498428024664,1.35611952544372,1.54586706868169,6.5659242022442,1.16455828235809,-4.91128605049813,-4.15190579438972,1.64291028056179,0.392033806710128,3.5360321404387,1.17010631966219,1.54586706868169,6.5659242022442,4.50894982757918,-2.47313981281991,-5.11709008434841
2025-12-24,1.97583711612994,1.19702594896339,4.02454052445765,2.67083791269456,-2.64598967443901,0.964070885057745,2.9624675183374,2.92736197943399,6.64311485352296,10.0312120810664,2.67497704481132,7.76867259146517,6.02828623417472,-1.52606084428692,3.58447087980235,2.77410234058064,-0.22185216575855,-0.441475394189446,2.34086706697347,2.35309427718141,0.922529583494674,3.59804584591712,-0.589190263760266,1.58244375678279,1.47199232209154,2.09748332307559,3.44379261591617,2.83326845108814,1.67763812244931,2.51232771508442,1.35762645073524,1.93651344811701,6.85048994712413,1.15909498758263,-3.56465808671195,-3.06253487290946,1.67396392818613,0.108855489955169,3.14454020656335,1.17407004921001,1.93651344811701,6.85048994712413,4.44388311553086,-2.83002309139314,-5.56175439778975
2025-12-26,2.01925282520987,1.58324171217897,4.38270542291855,2.64429679138571,-4.67530372721877,-1.4111048182767,3.00411723635615,5.06812169253742,8.85362369139384,9.93650666649991,1.36870146815004,6.40583433027561,6.15107649727152,1.31603876120127,6.16349332976805,2.78192377282606,-2.40684753763829,-2.77202267937728,2.32763852780892,0.0267578261722348,-1.37875499853813,3.5143690353361,-2.63531214799789,-0.663821775093981,1.46755314253539,1.19285456518957,2.57052158466526,2.83224183829963,0.70133735261411,1.5540814364285,1.35392296966781,1.12262202683237,5.94690127243293,1.14725158822258,-4.94016672468796,-4.75479742157871,1.67121240626921,-2.50124447964338,0.344415644385144,1.16684957876459,1.12262202683237,5.94690127243293,4.38199136032511,-4.31019247258478,-7.25104169620333
2025-12-29,2.06319723128716,3.39180470671397,6.23231976314987,2.66362006120982,0.415777369381564,3.42386734856528,3.10232560906322,6.82532249632817,10.7901461563677,9.86126904581762,4.03535592066512,8.97313250035395,6.23722254002179,2.78549229814955,7.53213857820663,2.77993402673049,-1.5780370401052,-2.02433238888436,2.388472120285,4.18312124754736,3.15383346592664,3.52190050734996,-0.544640481294973,1.27828652623363,1.46849597623799,1.40411436757474,2.80988723623448,2.86451448082128,2.83612939451355,3.81096708707049,1.36322422711062,2.29669160663229,7.00762349123864,1.144140023641,-4.62791776422315,-4.73607938784547,1.67081401467153,-1.38225516511849,1.24025554907934,1.16307413778105,2.29669160663229,7.00762349123864,4.36850111094824,-2.75329559106554,-5.71497792776208
2025-12-30,2.09489359800919,3.11857480666524,6.03924284476109,2.64897651877964,-2.16157187548412,0.676113433835503,3.18669690227379,6.88792991157892,11.0915652182999,9.73245622738277,2.40222637035917,7.36334446532247,6.30108203621725,2.43034168962493,7.14599004989156,2.76259856431303,-2.54312982694904,-3.13459674243402,2.42197441887219,2.75529928205523,1.92523938759728,3.48980520556079,-1.01061982891844,0.688213010614545,1.46561247397369,0.527502769936334,1.92205787344389,2.87161091159349,1.00598526728325,2.02150501508831,1.37413316333426,3.09637187685537,7.76214210758685,1.13113071012918,-6.55913839723485,-7.07180090678426,1.66528324700101,-2.96047906029927,-0.577154516728203,1.17197744290608,3.09637187685537,7.76214210758685,4.33790800632788,-2.52430329195099,-5.52716182266392
2026-01-02,2.16762657323978,4.65035430081652,7.685888095669,2.700909741654,2.42750193522078,5.17492649840691,3.28761490046439,12.2062923141057,16.7144678166498,9.74943677501543,4.76867428255292,9.69042261163012,6.29543902596633,0.404345738644396,5.05220582471469,2.75984652012928,-3.18503409551736,-3.95593723663171,2.44871767817835,4.90818300992081,4.43647972756262,3.47714158079116,-1.48147165332063,0.0691365837652453,1.45822693769478,0.656783545333538,2.03464531880898,2.92989712405018,3.04869150979636,4.18986432278125,1.38454451943565,3.65879396342965,8.3243091138098,1.11288976447103,-8.41230233325944,-9.43840522749845,1.61516681333669,-2.81060058166147,-0.691524246880954,1.16960733181557,3.65879396342965,8.3243091138098,4.32985523469666,1.62212856642867,-1.04104114365124
2026-01-05,2.27371752748566,7.03747237440663,10.2940481088759,2.76495593822657,5.68800445928019,8.57547916465999,3.3875373704743,15.2326742641191,20.27884166875,9.67605239663823,3.54806552552281,8.53856296671465,6.4684690474191,3.71246958695577,8.24208612552996,2.78362616803944,-1.57486610111724,-2.40268469259961,2.52473731299,8.4474422426477,8.53840450955015,3.5603982167212,4.29531534475961,5.95963539256466,1.46696125043228,0.594232731492252,1.95485530630666,3.00377147082476,3.933313455044,5.25859674391683,1.40090161936011,4.48749682615588,9.18737808270131,1.11781497328869,-5.09893406770911,-6.37527132617308,1.59420081256717,0.167198990919322,2.15420878134844,1.17633290559576,4.48749682615588,9.18737808270131,4.33682935172487,0.823095456621088,-1.70319930932832
2026-01-06,2.34924502232394,7.68060170454792,11.236190253612,2.77728019178024,3.98874705830152,7.04760265917172,3.50569519976962,16.3449067999502,22.0432343605188,9.4637703296078,2.02999776339577,7.01532904145203,6.46596104286314,2.6758874048746,7.22768180795623,2.81468778341561,1.67424929520631,1.00938417885229,2.58423385669386,10.8066945309284,11.5598968142786,3.64646899148894,5.63476176137308,7.55042610144788,1.4712232108946,2.32527407826725,3.75053529160773,3.1848493205811,8.41062548487602,10.1336397696178,1.4172991335596,3.97667613005274,8.74284219708092,1.12383218011482,-3.38463659663814,-4.80465118180459,1.57352234910184,-0.643065564332244,1.24299298826522,1.18237393041932,3.97667613005274,8.74284219708092,4.22730942217353,-1.67016458148148,-4.26612663066958
2026-01-07,2.41219718956961,7.38162419290002,11.237155354969,2.7541739871496,1.86864944334368,4.98213089368681,3.61195660558714,14.8202523673929,21.2104638343909,9.38880267859623,2.79190293707476,7.70298591170947,6.56607838944546,3.6507388336137,8.18901002182918,2.846601802514,2.57347339609022,2.10163150124577,2.61331807456779,9.38328389878711,10.6914921283404,3.63398356328219,3.8431171610086,5.9486760321046,1.46743063041143,0.640216040912971,2.07190569327113,3.27673047755024,5.6489311330696,7.69332426116026,1.49492886367878,9.2695994783308,14.1238793599148,1.1189590149189,-4.34072051465187,-5.99247036577108,1.54777040390055,-2.25576063394176,-0.550028594213275,1.175500117511,9.2695994783308,14.1238793599148,4.1728100829795,-1.64157971604138,-4.24092294983683
2026-01-08,2.44096477304561,6.69631919609009,10.8145030816932,2.75205813046644,2.36398961036836,5.47906558951867,3.70685087246688,13.4739179618323,20.4426435501909,9.18756577411417,1.19895825959109,6.062884293253,6.68639662907207,5.09165319437303,9.67776171340754,2.93591591658302,5.90507910382383,5.8357751064445,2.70324185045247,13.1822891827154,15.1834946178493,3.58199372902859,2.73452621620719,4.94410185254186,1.46021949933462,-0.475178215198376,0.887078018131275,3.32356583690347,3.40052279086308,5.61465829944775,1.53098835733011,6.51766776049026,11.6913482632004,1.11639367169188,-4.90503039209944,-6.8121586695594,1.51911478965762,-3.48027827197432,-2.03143822889786,1.16209282474155,6.51766776049026,11.6913482632004,4.12104890087221,-1.03094803215205,-3.57985479685371
2026-01-09,2.46134321003153,6.70467285059692,11.0462264702656,2.73830844244544,2.10262164358219,5.22695843053555,3.7494965773379,10.9816451655223,18.4604699395344,9.0534078377928,2.57683920759756,7.33157769541857,6.648747436632,4.96182524675379,9.65709915663777,3.03307972709366,9.48270540030011,10.0065216930391,2.87251919519379,17.2277099502431,20.0874134384387,3.56916694725074,3.41278416483105,5.72438314129978,1.46750916751083,-0.1868586721557,1.10690599441047,3.33213138148828,3.94356590935573,6.29395579530912,1.59504685215604,9.38988599817774,14.736810752008,1.10989940788207,-5.26418245054054,-7.43842883043731,1.49953239471335,-3.08164428407268,-1.88143420561001,1.16613220431275,9.38988599817774,14.736810752008,4.1575115769659,2.00181453715751,-0.244563084082613
2026-01-12,2.47372878668688,6.87254227034008,11.4295329049259,2.76710849729983,5.0043834149213,8.21093731627974,3.78651752213336,9.48408074973949,17.2971663877216,8.92161684184573,2.98050374447677,7.6996934641166,6.59150396986224,2.25751611107577,7.02553079666444,3.18830625313275,10.6603511182916,11.8109224779528,2.98360740092211,17.5989247237819,21.3623846804577,3.60428197484794,9.79339396694858,12.4503225705689,1.46807643088094,-0.351203103286877,0.872577085408571,3.40169610693399,4.26760700553857,6.77189399615723,1.63932188134948,8.1068472795132,13.770422225415,1.11992200365092,-1.40333655637354,-3.50552478830259,1.49987972398849,0.212712298473889,1.34192291090632,1.17505435990728,8.1068472795132,13.770422225415,4.14787779121022,0.0193287926189955,-2.18137565621029
2026-01-13,2.47478554977894,7.37436383997641,12.149178839931,2.7872576967078,4.86655519080683,8.23655306416955,3.79229910725781,8.66906525440999,16.7044522406868,8.94871261544152,6.706252973764,11.4485139444318,6.48583924788202,0.194983003755318,4.88379564485817,3.32540943036833,12.2073021489768,14.0335820623236,3.1193837148803,18.7284928888623,23.3679495147165,3.60804219629398,8.92761515944513,12.0310507289177,1.48016146668111,0.196229851705793,1.37751296856392,3.43983330753997,4.85674321130269,7.5358939147637,1.73004384054811,13.6216249406454,19.4950782962071,1.1566748112548,4.32575177247059,2.6970320578595,1.53218096858662,3.80380344400781,5.0808637986085,1.17788784569677,13.6216249406454,19.4950782962071,4.14454092523535,-1.6517286988152,-3.90742188544825
2026-01-14,2.49169070653289,7.22624731546136,12.230922355537,2.88136933757512,7.76122943474859,11.3533171499265,3.80302587724593,9.29528552345288,17.4554746708603,8.99097781978128,7.32390386034572,12.2658702964374,6.38325209475216,-2.13594065343919,2.35210090019494,3.35357613669477,7.29285954627484,9.5819700102087,3.19843943420751,15.0710714275398,20.5753700812195,3.62583218599853,10.2483530862817,13.7860976373816,1.48977907191056,0.893486976713983,2.07477085825786,3.5085142627719,6.43757547188208,9.3491703244102,1.79915665954934,13.5882388606567,19.9814743051458,1.16135710945326,1.57677716634635,0.0673145484308277,1.55419378376768,4.83089348934915,6.33741298068017,1.19431171994403,13.5882388606567,19.9814743051458,4.1824299001281,0.328996140919866,-1.77489942906371
2026-01-15,2.52456167507009,7.88252273886859,13.1019985823545,2.91943219768888,7.10101848802971,10.9886664552989,3.82220372207205,9.16734227631667,17.502810628504,9.27326885307136,12.0553177449666,17.2425168690545,6.31914652668466,-1.61967575314389,2.57747659879114,3.42758487023281,9.26726534257077,11.9704490057465,3.27318521499921,15.9838475653957,22.1003972711655,3.65952528685945,10.4542798160724,14.4511389403157,1.50087355281823,1.39695745216608,2.61096570724905,3.60579700411228,7.92651485086311,11.1452709648879,1.86171021496635,14.3860860101895,21.2550265103618,1.17267984442865,3.53901234855523,2.3422810075868,1.60572520679285,5.08041683561133,6.83050543445499,1.2083755873824,14.3860860101895,21.2550265103618,4.25397408465711,0.172022593716267,-1.84153200066487
2026-01-16,2.57647685414289,7.91698245751218,13.3747449427122,2.95809571750199,7.33713689897331,11.4860932522908,3.84701561679016,9.18087207563802,17.6715346707291,9.29810372715244,11.1639492581299,16.8229131207218,6.3289113563733,0.410938496727665,4.38664464199951,3.46171550915545,7.74973582858611,10.8468598257695,3.32742412910839,12.5703888378447,19.3716336877512,3.73657012341144,14.1148155191247,18.6082209290485,1.51139170281537,2.10499191557141,3.39073544066271,3.68919055181098,8.61858652226091,12.1910591058573,1.88928829145905,11.6091198304081,19.0473850543482,1.17681116656097,0.498359784652601,-0.656201550530529,1.61471092668059,3.23429996696432,5.1426960562071,1.2727764159515,11.6091198304081,19.0473850543482,4.32018415484999,0.625081022747396,-1.26075088881778
2026-01-19,2.6134870695286,8.31988568322345,14.0059660920322,2.9838713973774,7.21494181778255,11.6205248782801,3.87730163974589,8.66295103025674,17.3216644532721,9.47196911916649,18.1312600620713,24.1477517913283,6.32684950812757,-0.745195060553463,3.07581177501249,3.49887733695557,9.3896468862145,12.8619377996045,3.39091544538573,13.5351694401008,20.7291948264093,3.82723294168364,15.6557265542324,20.7820191698802,1.51294060137742,1.44139663108708,2.77242860796133,3.77568348056798,7.72932635615166,11.6431394054359,2.01282119618927,17.5186385901781,25.1230605842722,1.21373705982869,3.88625838427438,3.05993940535004,1.62405197141524,3.97443107418546,6.03213130749005,1.3167485076443,17.5186385901781,25.1230605842722,4.34272459660945,-0.347089141101551,-2.19884992616194
2026-01-20,2.61355956241304,7.08716677403993,13.0180993839277,2.98586857854698,6.86968982046977,11.5106342909025,3.86141232721428,6.00576710115009,14.8812380071552,9.47897328176766,16.9596375994251,23.7469958651113,6.37154801666879,-1.4817056281148,2.13023335504383,3.51004426855498,7.56084488278919,11.4031618253356,3.41472773652883,11.9442748337447,19.6224329895958,3.94880752216052,18.2882570478071,24.0797779568832,1.5280214326829,2.5964695979051,4.01754251825154,3.78184999522021,6.36655540436051,10.5493255439428,2.09360710003327,14.3854878758678,22.7258409024713,1.25475672769334,5.34078650614663,4.89422943423541,1.63410855149682,3.85987300286615,6.06987400473113,1.39901174042289,14.3854878758678,22.7258409024713,4.41946471502754,1.82695309952779,0.20288959220786
2026-01-21,2.63940892304395,6.88063604451001,12.9732752127885,2.95113184480172,4.49647600871945,9.32480675694013,3.84566516726433,6.49770589409717,15.3207722812002,9.41708899649305,17.5721168673421,24.9880055074591,6.1452664480567,-10.5828306200362,-7.41850151983978,3.47266378756409,4.93103242193355,9.01229224212797,3.43589266958855,10.0133646059306,18.083902883302,3.99492427011915,14.7040342391103,21.3175798938925,1.55251378115799,2.09300362877464,3.59191497212962,3.74682449167267,3.69750406487813,8.04304218964887,2.2573199875928,19.0817515054139,27.6490073590696,1.27936943865541,2.85918822805286,2.59729895709171,1.63602641706144,1.32540672287469,3.58370399516892,1.42737964311692,19.0817515054139,27.6490073590696,4.52925229335581,2.43527601327829,1.03943549333924
2026-01-22,2.67344250215811,6.9520601809439,13.1857480653058,2.94885560474917,4.47436893627567,9.36860025137709,3.86093848527539,6.9069388641431,15.7086600398667,9.24877569111154,14.9906438846763,23.130670090651,6.02119873993451,-8.04916928321642,-5.55369550633412,3.41732643336472,2.58255028567768,6.74932371975311,3.42707897833852,7.63701464048231,15.9994379397126,4.03440201184806,11.6390372367987,18.8509715683453,1.56064721132065,3.43985802631121,5.06784568193074,3.72759379748656,5.27432237939519,9.68359891995046,2.33507459310958,14.3171370455172,23.76630114114,1.37847337463122,8.10691950081869,8.37308019583032,1.64257016737659,4.63584610264009,7.00910919736869,1.46757480083764,14.3171370455172,23.76630114114,4.78449782611444,7.19672740465922,6.37710641901838
2026-01-23,2.69493150689896,6.92159888415235,13.2944738895681,2.93215150596678,4.3558689634869,9.3111455862762,3.89173783699824,6.8519872969411,15.6722871012634,9.17286885377104,11.8488337097769,20.5776159090196,6.13563683273037,-2.5785978008899,-0.456020206665222,3.40124651842501,3.92637135854848,8.10065189127726,3.39122610781846,6.92194925807697,15.3838584242407,4.13495307259748,12.2997554634734,19.8371222315024,1.56958155616179,6.007406013782,7.89169242005201,3.91869518429879,11.1658627892055,15.7775624343718,2.35709304324066,11.1779852991802,21.1566700939054,1.42882369316584,7.37560748524489,8.08789905197672,1.68666079318501,5.68132980186709,8.2740117191187,1.51513569225278,11.1779852991802,21.1566700939054,4.89603401523732,7.51879713314982,7.20632709417781
2026-01-26,2.70925751005952,5.55993671420862,12.0782377232109,2.90582883469782,3.43554283215131,8.43703233922482,3.85900979388182,6.62808835691321,15.4697971888126,9.50948597995836,14.6489070010522,23.5293442396833,6.67265963497786,3.33579370006852,5.45712027362425,3.38652433387677,2.07281675181307,6.2800158625769,3.37349594515236,6.38617806032129,14.8997574579303,4.24347001777375,10.4364436561685,18.3875945832683,1.57514755738188,5.30460075188625,7.44623362046426,3.98430164825787,9.50778174005748,14.5601303132694,2.34430810541217,8.69864784207518,18.993410875979,1.48152671215613,9.10744692938486,10.3358551090761,1.69642980698262,4.54425373392177,7.33403730768242,1.51050574389388,8.69864784207518,18.993410875979,4.97964844823935,8.43474244276904,8.66265681694769
2026-01-27,2.76320995490428,7.13220706828096,13.6824622319716,2.9566201115483,4.91406858051752,9.9243808118459,3.94714917695344,10.7036643448181,19.3881019606626,9.84885383497708,12.7188435365905,22.0976763504281,7.05746150742872,3.21631684658725,5.44898758983446,3.38231268193508,1.71404658734781,5.86975205570116,3.33346211778746,4.31264721025234,12.9009110421155,4.38349728183738,10.6399017391993,18.8251765368997,1.60812537541216,8.09076671853709,10.5703435187998,4.08983375147966,11.7300461327071,17.1251400277544,2.32950734962192,7.39640527484496,17.8021655521899,1.5173454917199,7.44933911360935,9.10218222778964,1.70102787438512,4.99790910051297,7.9602462179172,1.50586180268451,7.39640527484496,17.8021655521899,5.02304877212501,7.06329627883767,7.72113035070603
2026-01-28,2.81657894749529,7.90593575910173,14.580020387718,3.05692236146831,6.80833944483186,11.9115562453382,4.07635065969576,14.1841081396502,22.9415267386564,10.2808105915013,14.2531593645811,23.8334418004502,7.2925667523006,5.03998935015985,7.44499954830853,3.40271791325355,1.96113873217844,6.05688413149443,3.35791026508819,6.42167398501025,14.8306099791935,4.50959845279996,9.4874218041198,17.9526976639096,1.6102089250582,6.9747624266647,9.79887171067264,4.16018848696086,11.1181746382446,16.9573332007495,2.32591764299967,6.18751484828373,16.628530785936,1.55352648236038,10.2497835487232,12.4059068528673,1.69643481880317,6.06028881840039,9.2307665120648,1.54273677211083,6.18751484828373,16.628530785936,5.02112574275955,7.88385435493706,8.99283120257544
2026-01-29,2.84195786787297,8.03443261220577,14.8764427487856,3.09531564293035,6.99889396846938,12.2865656958631,4.19684688104978,15.1164547518366,24.2190218306532,10.8289463317334,14.0807742255064,24.0166318388733,7.49216225573924,5.66441884027882,8.29614957659408,3.40431467703389,1.55455072817349,5.59568735187381,3.38478917455065,7.4098291171577,15.7951620615094,4.73121447877303,10.9650854099566,19.540845843617,1.61120772948155,10.1481306817081,13.3661390462257,4.45632946913536,17.2286710218935,23.4054726567649,2.37923699740468,8.55765305568915,18.7693341970484,1.566028772093,8.78444153760724,11.4124185892999,1.70342447617703,5.25520798933917,8.63492139367032,1.56316726114144,8.55765305568915,18.7693341970484,5.0537859596674,8.6364959788859,10.2175300288456
2026-01-30,2.85767710012284,7.39153302811342,14.4132481210372,3.13799609499582,7.10266373102253,12.5762593036439,4.35964625414773,17.199345431531,26.6087900057904,11.3153769349342,10.4205160338217,20.8967724624297,7.11306477608588,0.475381545377202,3.17108575553168,3.37816394568609,-0.62533822884944,3.30717214183288,3.40270844752563,6.23740106093733,14.7250003971912,4.72176012047163,6.14387642682548,15.1500729115452,1.60172765357304,9.08944522263785,12.7475775760043,4.73202997931769,16.3666237085211,23.252896268099,2.3708409863426,5.56327552873151,15.9774205816897,1.57709736619577,4.52242305398446,7.43216714427427,1.68798085890263,3.33470846752348,6.84215808349337,1.55809987952065,5.56327552873151,15.9774205816897,5.03544588539663,5.8288577130207,7.74528964382955
2026-02-02,2.80755416419246,1.95541129578497,9.20385988601171,3.09051670263602,-2.18759732834265,3.47485267244463,4.33244966641942,8.6158355071903,19.0279246630048,11.2645429969584,4.85316427503493,15.7872554827795,6.86676192401226,-4.24540918807957,-1.78381089587158,3.32150816048754,-4.71575198660852,-1.05722860100817,3.36087222781612,1.07092199068456,9.73152173700513,4.66742437794334,1.90171667934441,11.0451303182955,1.58955417285733,4.9249553117444,8.8855424648741,4.80460016070989,9.65670608293542,17.3212728938602,2.33071759415935,1.79379974482843,12.2899951985073,1.53800294615348,0.396356095316233,3.33612664499519,1.65518846461784,-2.60399709938503,0.821255510669501,1.54278225633602,1.79379974482843,12.2899951985073,5.04790443211417,2.98406376083484,5.05959431288712
2026-02-03,2.87674297773637,7.19214109857966,14.1759257812807,3.22211978259691,5.6141819816514,10.9553788210607,4.44661192110824,14.4013727810943,24.4975827249933,11.4061135307248,7.66542399167279,18.2457712352191,6.73684696144908,0.814474082453476,3.11322987865312,3.34617260060145,0.320780345215024,3.68549725001118,3.385882137653,6.5062430278478,14.715302984054,4.711983048172,7.0775911282035,15.7704564171599,1.601340181421,9.22416694230508,13.3896600055766,5.26082398084397,18.7133639939481,26.3372990624221,2.32515510671515,4.99629765571661,15.0073821721696,1.53722704155812,3.84646788919929,6.79980741755756,1.66826847286987,4.2088670079147,7.52768052968905,1.56008296601804,4.99629765571661,15.0073821721696,5.04386749847684,2.97650233120063,5.14865837224273
2026-02-04,2.93246923744767,8.00246244066132,15.0883942753722,3.36110996250984,9.054135955715,14.5076540360051,4.51069342606676,13.0298134686092,23.5368932063661,11.4097388042844,7.0273889054173,17.6167576014262,6.55487643781594,0.506804390542955,2.75245707617472,3.38342721520392,1.88393715051268,5.17622947980201,3.42459737878448,7.52684218510807,15.7271004052686,4.85958761003703,10.8801307802564,19.4610764878372,1.62207506670555,9.7841951043166,14.3220703155338,5.61646871316975,16.6058210877674,24.9914036009823,2.34106385645417,5.76071121706577,15.5971197595574,1.55994651321662,5.49469649411566,8.60673945172619,1.83542232864884,14.7122481571457,18.410702911295,1.62041245353583,5.76071121706577,15.5971197595574,4.99180568358918,1.79870523553451,4.01831537190717
2026-02-05,2.91081772516112,4.134334238212,11.4524282662665,3.41580356891673,5.16305430361621,10.9152677557969,4.45376492074759,7.45553732845479,18.5681556232424,11.1035883735565,3.06078143722374,13.8232158927915,6.36391741091726,-2.52217968667002,-0.44932062196085,3.34102597185318,-2.80956059006684,0.340504745458278,3.36488470406004,0.276116604827497,8.7871759417472,4.85537504497498,7.61086885712072,16.5548925627876,1.62575237803784,7.9032527726663,12.8032343262928,5.78765093719102,12.9168569126169,21.9984323116006,2.32734451698325,2.56772344889966,12.4704819996671,1.56689162481254,3.74169697871126,7.00638404783316,1.88654806593055,11.1835786660058,15.527448151999,1.64402081619997,2.56772344889966,12.4704819996671,5.04349622714059,0.277725394026282,2.45988377615665
2026-02-06,2.89218321563004,2.34993902092804,9.63928720859977,3.40670615694592,0.95028634765513,6.77543444074525,4.41065829893928,6.79023002908746,17.8818015846192,10.7058772441974,-1.90948087862966,8.86427470907353,6.14553671174619,-6.09360095115183,-4.39750539160101,3.27273606373498,-5.30127875590845,-2.51321872477821,3.28451903329507,-2.35619614491241,5.91138708940612,4.88531632985378,6.04082535398952,15.0950364963821,1.66644632897832,6.89602664977378,12.0452316455773,5.8358583177772,9.28713339461016,18.8533577531269,2.28524160517026,0.392488837785864,10.1395872749762,1.55033525853185,0.137302409467971,3.39944558911496,1.98094205735596,12.8934185962938,17.721172740572,1.66910357846332,0.392488837785864,10.1395872749762,4.94527330143117,-2.32829336035288,-0.31593437260114
2026-02-09,2.92656208135086,5.31476911402208,12.3945860095657,3.49745582514645,7.20958810194432,12.8561560227924,4.46438910992901,9.19833784003796,20.038486142242,10.4951895406621,1.82586836733905,11.8912478380838,6.12423973218524,-0.781738256656622,0.719113416271742,3.24802111284939,-4.20421951986208,-1.80246822460082,3.24152206404706,0.508222221482155,8.25661021270786,4.94021015879893,9.50453944325386,18.3788857895289,1.70177043175937,10.2282596038155,15.5745880206996,6.09045688896004,14.6457157151516,24.0445136560734,2.27365134004445,2.15297900925315,11.4643254728409,1.55296635241653,2.52952998117739,5.73693571840819,2.06253881748295,17.20067479306,22.5783864562969,1.71178056947389,2.15297900925315,11.4643254728409,4.9384188503411,4.14981516058677,6.20955837347029
2026-02-10,2.94588118115899,5.14217903533207,12.2362704422035,3.54087067285603,5.43397895561489,11.2659531115811,4.48131060584963,6.77033442819829,17.8013455128647,10.3365800551816,2.36685915462919,12.1062403449951,6.07361187331582,-1.82046108213121,-0.473584416170442,3.21313416915219,-4.80211638302502,-2.76746206545203,3.17141851821676,-1.98275195612099,5.54101214355234,4.90039016772642,8.28270900586191,17.3548762581736,1.74131920924753,12.4931190626901,18.1985148101918,6.19839464706492,14.6575396512159,24.4308600368068,2.26984791156761,2.8770155476572,11.9074664371248,1.55608728214683,2.54399176965292,5.77421597506751,2.1020984419827,14.3273246560912,20.4664780188317,1.87416046824284,2.8770155476572,11.9074664371248,4.99247671566392,4.76422109087602,7.01514880291199
2026-02-11,2.97076106105027,5.26205709257614,12.3553592599889,3.62676367496501,7.54134083827039,13.4396637367222,4.4651020835094,4.82207592484296,15.882855579547,10.2973941252034,1.68203185124234,11.192293385974,6.05271756946009,0.197777573943436,1.47816702146214,3.18027082767514,-4.03944507401051,-2.34099629171924,3.11057596153615,-2.0776954898894,5.04460109936351,4.89130999319106,11.100693953065,20.1255824957479,1.80280564156656,12.354968197236,18.5288224855203,6.24563546549596,12.2883898615344,22.557683677214,2.3120392229032,6.40531981162709,15.1028221296625,1.55270043340498,2.25913103832279,5.50406263448229,2.11315465728197,14.3855559111337,21.0664409754339,2.02601838525159,6.40531981162709,15.1028221296625,5.06862884475513,4.1518012097952,6.5755175131052
2026-02-12,3.05215023974814,7.30350134477073,14.368705079684,3.691618979078,7.61491882071591,13.6998069668986,4.50240306128538,8.16409945573977,18.8275354330358,10.3075722047984,0.92673941807036,10.182560785648,6.0623603039945,0.178941614520243,1.42019968728715,3.17517134662854,-2.83678684426195,-1.39477620585216,3.07089593579868,-1.42757912809607,5.2935085782705,4.87433998963855,10.4382467497972,19.7129922482504,1.85940574340604,14.4188431665804,21.0009902156112,6.36364165410588,14.1675958528195,24.5322755942161,2.33545866586516,6.13804538173113,14.8407102868839,1.56206090493811,4.77515313472298,8.09221991691327,2.15355246346081,13.5290828611925,20.7431280165722,2.15009752815222,6.13804538173113,14.8407102868839,5.11939693081593,3.48939711600901,6.04129700827743
2026-02-13,3.12201031623835,6.67373175362085,13.8697769542351,3.71587259171914,6.1192413961604,12.3982940163662,4.51352561999237,7.01816060946402,17.7434094418869,10.1570487819017,-1.10611374418464,7.91116484614883,6.01735838545524,-1.39112396511997,-0.264173036189763,3.15576272757706,-2.6988032175717,-1.47848224017332,3.02151893868387,-0.250380825877447,6.118361512239,4.89359300475124,9.14474847059637,18.6549392792881,1.89479777258834,15.5317574496057,22.6144483323305,6.78012240211153,19.0857991541366,29.4221106587085,2.34008606600678,4.32270556087121,13.0729287536266,1.55326568074788,2.29852086136556,5.70262024040021,2.15655172846459,11.2291581209018,18.9452102176584,2.19128871754999,4.32270556087121,13.0729287536266,5.09152916427801,2.31563975344004,4.93447494902309
2026-02-19,3.22138581264964,8.30882560945719,15.5512258406014,3.76051655196452,6.86758067278514,13.2310904942626,4.54499398879843,8.47529906332354,19.0443793524263,10.2079583037783,0.496660928516511,9.04925412049711,6.09664672391541,3.41677697864835,4.65591445130497,3.22927205931963,2.68742204023028,3.961569478792,3.02739480412346,1.9432584597506,8.03619317778827,5.07454327763877,12.4536015921828,21.8973590503046,1.91292925727383,17.8060933085725,25.3793512393088,7.42442368030006,24.9751551625767,35.4070784360365,2.36514212310057,6.99615120315608,15.5368033093576,1.59319224716161,5.84893167424499,9.34223806345197,2.19588610348721,17.46566987611,25.286234799619,2.28415648722602,6.99615120315608,15.5368033093576,5.15626341553365,3.79266621152027,6.49531378311426
2026-02-20,3.28823616759146,9.77665766550094,17.1509157665982,3.81875407727941,8.87870231804386,15.3490467275411,4.66046812503177,8.99544047334092,19.5442742244595,10.1874449356586,-0.750642297271431,7.52960586240131,6.0787888049075,1.55086054229228,2.85842103117935,3.35271996782626,6.62408248364514,8.20012893484235,3.11330816836351,6.04697114148658,11.9924001967373,5.31089226383726,14.9110978576147,24.4904276927958,1.93399217323289,18.9583312395158,27.1298235814857,7.87043643180807,24.08168790544,35.3763557238744,2.37556869725851,7.22193028004951,15.787840036091,1.61160875526101,6.78837150684338,10.5060558170204,2.19338989323042,13.4995528150168,22.0810199717052,2.33257165593584,7.22193028004951,15.787840036091,5.21793353021095,2.24790979901617,5.01906754418505
2026-02-23,3.35020376691385,9.13418466612734,16.7597883070797,3.91642719013535,12.7043891451257,19.3554072061068,4.74088707247325,8.30001972876047,18.9292534482051,10.0890646134465,-1.63408730656887,6.30360476892485,6.08295552814041,3.40530059331271,4.84420058317057,3.41340647071979,6.64957798568767,8.56379291244376,3.16529367222588,4.43117717410792,10.4877083373753,5.51649109163026,15.3139960635873,25.2479588553847,1.9476438885316,14.7687984317595,23.7895791154767,8.06066758682836,18.6629070493847,31.1639961346209,2.40449087036317,8.51745696945653,17.0803924123883,1.60953432235188,5.10354396366478,9.0354224383777,2.16300662612068,11.7182363472412,20.7409789767281,2.33370225567373,8.51745696945653,17.0803924123883,5.31458878151642,2.33344312086922,5.13139384213578
2026-02-24,3.43351717986264,9.985146410153,17.7766203891218,4.02710241494805,12.7708016588939,19.8484909047123,4.88727683282057,10.0563027148082,20.5779030918389,10.0779307813425,0.0107938171842892,7.51435849047275,6.09109067781953,3.08098625109244,4.65423193285017,3.42104576102363,4.33637404329845,6.4806085693642,3.20435906838217,4.71670654053527,10.7801666748984,5.62080731523877,14.5990092313538,24.9547541932218,1.94894045858401,11.2385664706656,20.8401630706363,8.13805298289748,14.8548802941806,28.1169558759346,2.42534168507576,9.06195321015442,17.7154472747443,1.64915738129455,8.18242936925618,12.3099152351634,2.16429045991809,12.4189358812754,21.6596467300553,2.39778655361637,9.06195321015442,17.7154472747443,5.36359732640879,1.89295794492399,4.70503577396394
2026-02-25,3.51006029519544,10.7480054931908,18.7419125231975,4.11417417789379,12.3995452275877,19.8946430339008,5.00720524107723,9.91437544750395,20.5359140175214,10.203615680624,3.98295340331402,11.1222581602667,6.0686559731483,2.03657322823688,3.68717186890635,3.41733369046496,4.00728213394412,6.31356104486826,3.20483398304771,4.0968826367985,10.18776643603,5.68380153199374,16.5940618644837,27.1352575540014,1.95370712535898,10.2225746279089,20.0743717915235,8.42858180624872,16.2469581950837,29.5306981957212,2.51457179507248,13.3060113236462,21.9279803497313,1.6912917260389,8.9356002847808,13.38135797011,2.14982948141582,11.1993813166222,20.7752945547291,2.50695460163572,13.3060113236462,21.9279803497313,5.43946889974196,1.43778148753953,4.23697576935486
2026-02-26,3.64809251888984,12.5673701447816,20.75555563302,4.26713830369527,14.4201728351742,22.2233503996127,5.22632320632785,16.753525781487,27.0213816037009,10.3902613734008,4.40328829491739,11.4721294515716,6.09334377637724,5.62562401513324,7.49214193893222,3.39885001173878,2.77554922530233,5.18493490873873,3.18928037593176,3.17604085093592,9.26051499843925,5.68868139336532,16.5008089781965,27.4507582863535,1.94751941503289,9.93936365769757,19.939807374932,8.65110517906859,15.4751199709943,29.0655272115199,2.63212507618768,17.563599955653,26.3514994811911,1.74125116345003,8.43654118127493,13.2120957692623,2.12870117830555,11.7654726721422,21.5074064311404,2.71470007772392,17.563599955653,26.3514994811911,5.58261968449843,2.41895051757736,5.22443211130955
2026-02-27,3.73111364133838,10.8680463025145,19.4580374366999,4.33874117673487,11.4791118396949,19.8388584565811,5.30711424072923,16.8275166208089,27.5159830722408,10.4178864141485,2.63631434248346,9.69700394439995,6.14087485016813,6.8641119134693,9.04519164949808,3.3961329382669,3.06731984246087,5.55751209729181,3.17979298323741,4.23506901651984,10.2523140295389,5.8338498344893,16.2606086442144,27.6026015484403,1.91880986835331,5.47562388460493,15.837670573105,8.73354015428844,12.0129518435506,26.1537316672932,2.81250271871395,16.9968941194431,26.3674049253153,1.79779419644618,8.43906444287179,13.5052444643202,2.14668533464674,12.5130402928374,22.4287126612886,2.86254091560333,16.9968941194431,26.3674049253153,5.65028262024243,0.789795642791776,3.57686747921428
2026-03-03,3.65805592009862,3.44627157503439,12.5664171810578,4.24789865102496,3.24612480585271,12.1950502134044,5.15136734322274,7.89084098562068,19.6496046083239,10.0672324400228,-4.58986471371263,2.44687882378633,6.07184434991387,3.07337934428824,5.43724071182565,3.34789555739312,0.154413117534621,2.62800849219766,3.38242591053187,13.1823179960488,19.1559254900721,5.87822933669969,8.21965395443732,20.559614502167,1.87820759349676,0.503798249280198,11.0087525279393,8.56603648697631,4.46070772696673,19.4168038833776,2.80877456828262,6.35870039645838,16.8367527868973,1.75621125762714,0.807801729374443,6.12649480867088,2.14048599181312,4.74412907013402,15.3563152307146,2.83236393266135,6.35870039645838,16.8367527868973,5.52876571950993,-5.83802077287638,-3.32625565775198
2026-03-04,3.4719452763856,-9.22406019685051,0.205264246874074,4.02028430766408,-11.2551390995151,-1.96013427501987,4.89290753035228,-3.66783496028107,8.86777344197589,9.2223789032227,-23.4896469263715,-16.8017897499376,5.68616902873289,-13.0694380264969,-11.1970398989962,3.10041672395273,-16.8454151139324,-15.0650349902197,3.42141154865412,-3.03547445812728,3.60916869801685,5.54538608327903,-9.64046565993037,4.0568725646877,1.78948327976659,-10.9741552093291,-0.27915693248494,8.03828423110318,-10.2167092196442,5.88956792924967,2.65876873290404,-8.98870614079046,2.27354981998144,1.65057787140516,-14.9588734198591,-9.88162549499813,2.00424511267342,-12.0171952558902,-0.635769208484036,2.6720881367244,-8.98870614079046,2.27354981998144,5.33358511145145,-15.8430648206611,-14.1446392772931
2026-03-05,3.4642761700965,0.906827206710866,9.17430449494203,4.01091583784665,0.33490101698046,8.35296581304635,4.87866572625735,10.5006795015178,21.4203931676373,8.99191184706618,-8.24053877356129,-3.07352869149661,5.68834712276611,1.85981227673323,3.53329779870661,3.04429179713127,-4.03205907703893,-2.75252890631933,3.49853933961294,9.53083249477566,15.6642775610172,5.46103915966328,3.97958029510256,15.701081119543,1.77442957744215,-0.973735144426052,8.32506601042531,8.0448575570147,3.14916432310415,16.8956785863259,2.6325250435305,0.133699074012664,10.0554901274391,1.63688060025516,-3.06776252822914,1.12954126976791,1.96463363628736,-0.323824279904556,9.45304336328366,2.66801999812635,0.133699074012664,10.0554901274391,5.30220575767133,-7.2793080158966,-6.20805803864072
2026-03-06,3.43876261653779,0.40496242767802,8.41011222927609,4.01036516833195,0.653874105353517,8.36801733110959,4.83996357559713,9.68992063323385,20.7568781668865,9.02582764635003,-5.42782669046285,-0.902331407438172,5.83123280808429,3.61912978338248,5.41601835290947,3.04369579879725,-3.15004157802547,-2.12224258585057,3.6381257385464,11.5380854887828,17.9355772259793,5.71047138539653,8.58809142847642,19.7351553770903,1.75815011710847,-1.18121167336311,7.70914948142075,8.1275129630217,3.42494791290073,16.7576821731215,2.62287608049554,1.36597795976688,10.851907966372,1.65235269468441,-0.487207302886427,3.41636665857834,2.03491371272307,8.09827220211165,17.1247854427202,2.68918664326917,1.36597795976688,10.851907966372,5.42322645014837,-3.69302700090895,-2.92313451505173
2026-03-09,3.33355005269086,-5.85919275276988,2.00060944083865,3.96633656475683,-4.00372631094727,3.53891032123686,4.6629697839101,1.37210931639198,13.0523489250503,8.83667632054184,-11.4020157754645,-7.46411341799247,5.92006113060114,0.94907103053244,2.78029731909214,3.01928501904394,-2.35884694403244,-1.52260976135833,3.68974443817042,8.09001920538008,14.9179707927836,5.94007554828656,4.98515628449509,16.3644021987679,1.72856616720054,-5.22984740532398,3.37630255397609,8.06314712527252,-1.27136479022843,12.1004730677749,2.54425260356953,-6.18807013958462,3.30089394776026,1.63327978078287,-5.18076921600014,-1.55553511179734,2.05783449123142,3.45301218965108,12.7434144885142,2.70745056395132,-6.18807013958462,3.30089394776026,5.44527941241686,-6.62573564198346,-6.27040135545777
2026-03-10,3.34981179959782,0.0188681421294981,7.15215188855357,4.0186121664738,0.648528094539846,7.60661174584087,4.72021961036702,7.0628239735297,17.9902414937098,9.01914271643738,-5.0814126408251,-1.80907297557567,5.93106400456448,1.41879273310669,3.25506083493221,3.00861430363222,-1.87496354459257,-1.18986575813123,3.74267215762822,7.56396328597067,14.5732265818194,6.25252667660249,10.4931054266122,21.31496031673,1.72757451028073,-2.23274157602594,5.68062584818318,8.03671513282205,0.555598307490244,13.1982618121998,2.52008553985615,-1.84880376372044,6.79772490311482,1.64038407838595,-3.01619778906997,0.218942725558754,2.05013970868616,4.80694268183532,13.858703120251,2.78814810575714,-1.84880376372044,6.79772490311482,5.49083796588508,-4.25442800763919,-4.18261914610638
2026-03-11,3.37325346822262,1.33792416915035,8.17424175846321,4.04966591626494,0.849214395748601,7.56749607265081,4.78759377593524,5.47867253844432,16.4306096912979,9.02583054280724,-4.38326979852864,-1.51775046220707,5.90839818240654,1.23905104595285,3.08091263105431,3.07514173245163,1.7645383558485,2.50731336892252,3.73828176170101,6.16478473602588,13.3355548199476,6.36039513328017,10.0719129949896,21.0187995230224,1.74213232395364,0.884818858611074,8.30386629452793,8.29922894105062,6.27447986122852,18.0306440777282,2.51182099392795,-1.34886738223499,6.84586377710283,1.64033624179621,-2.41176248082679,0.53659714587565,2.0689424594381,4.81284720964858,13.7608221961919,2.8917803540042,-1.34886738223499,6.84586377710283,5.62920836004286,-2.7701512568486,-2.8734741080923
2026-03-12,3.37628074328566,0.356322532649725,7.00946368565715,4.10453827830726,2.25655134673269,8.74401287101085,4.7895575119068,4.95689420144963,15.786272056345,9.12104417600508,-4.51614123875105,-2.02658950239491,5.88043003224402,1.61005443677648,3.46969537727441,3.14430724744621,3.97069089457243,4.91113736673771,3.78384716047804,7.43909684199564,14.6382289915135,6.41702426232476,11.2144727433661,22.154772677281,1.74364273091485,-0.44588887740586,6.7536828113428,8.43304173141388,4.51962822957476,16.2487677992481,2.49218700285718,-1.37104361551837,6.43036562085247,1.64030435073638,-2.04713160051211,0.65472335926369,2.17290018069375,10.4852217234305,19.1195360802155,3.01381702448564,-1.37104361551837,6.43036562085247,5.74305489451718,-2.5689418177285,-2.82734724640698
2026-03-13,3.35189787061878,-0.651739090291968,5.76920830330908,4.15440813273941,1.99930150214064,8.35913275420408,4.75650476969536,2.23970731488703,13.0547357527768,9.20872128674621,-3.93321706287959,-1.7887030791538,5.93464434379324,4.03699054383467,6.02188403625799,3.19201848727797,2.72973282999115,3.81129560520748,3.8345027034704,5.96386655417983,13.3132873520334,6.53992613514692,14.7366998776742,25.5598136802035,1.74347898286699,-2.06385882741471,4.85196644233039,8.48517348471251,2.39208943265766,14.0307659525651,2.47282021157208,-2.72788343462178,4.72023684484489,1.62388068434367,-4.71721080232718,-2.33284484598249,2.24316263242881,6.4334512722722,15.4402564242018,3.28828111709895,-2.72788343462178,4.72023684484489,5.94237889865697,-0.486647599786569,-0.760136185657205
2026-03-16,3.36684387022411,0.259356920039044,6.38704550216318,4.1610781428863,0.618630507889156,6.84938768240017,4.84442768670365,4.01658888507292,14.4224004413644,9.15221625634646,-5.54483888509257,-3.78423684086062,5.96007254977837,1.37108005970719,3.41314219135045,3.18380356794811,-0.139839408110778,0.921463552021971,3.85769292087,5.07006750221461,12.4722524117676,6.57601119080679,11.8039789947992,23.1396892168991,1.74493073219775,-2.46522554807338,4.0697692772364,8.59898509735486,3.37630257372388,14.6141492200733,2.44264599164441,-2.66801294712297,4.33821514936123,1.60609723771262,-5.95722670543008,-3.99438810255787,2.25219074978309,2.98999160269357,12.1180906923892,3.4359581755189,-2.66801294712297,4.33821514936123,5.98886314794033,-3.47911879295316,-3.96609033173184
2026-03-17,3.40800911801092,1.57008974911879,7.46757188223262,4.2205762609434,1.90624013727588,7.92103895633213,4.89617058480401,3.60782031608476,13.8319757431818,9.1508482689938,-3.77255118062322,-2.33662670858132,6.01988336062585,0.661626773314298,2.67730306248034,3.18473054106971,0.517355770775229,1.56182694018108,3.802618768501,3.589010646858,11.0057973897453,6.67866708238844,10.6034850924179,22.1616349032108,1.75136176652097,-0.556441420591899,5.57444986232161,8.60016324353226,3.26596953550912,14.2392564631548,2.4476397006443,0.593626302316108,7.14390958381601,1.60244280946834,-2.54658768054107,-0.874339298273137,2.29123649066528,6.43029313986859,15.2263773154865,3.54790622553973,0.593626302316108,7.14390958381601,6.14636461981507,0.797829067409731,0.399073314633505
2026-03-18,3.52305612067563,5.44158484006834,11.1888935586998,4.39502279603093,7.40235409293692,13.2699359511703,5.07842201816522,8.39725171180214,18.1622491639302,9.28304373144278,-1.11599725158885,0.160758420581779,6.10797324223873,3.25359393567889,5.33447705951972,3.18694941965281,1.07318030812605,2.13639632099864,3.76061259462401,2.35966276903643,9.7042092006036,6.75802089730514,15.1239069327616,26.4059732792105,1.77125826969657,2.58136626126618,8.43194154296758,8.63414701309534,5.81851335924693,16.3768019813408,2.4870642574289,4.28455296450822,10.5810343962097,1.62187639822037,-0.329052702950138,1.22304152442279,2.45416148966044,11.5737910680926,20.1669823299935,3.90908310938529,4.28455296450822,10.5810343962097,6.33159270548356,2.81248580441065,2.61243920185045
2026-03-19,3.5517522023753,2.92547018988033,8.75748835931517,4.58725351315941,7.3297077767498,13.3784900885323,5.12604488975888,6.12246248062446,16.0505978543304,9.4195767502939,-3.3960411704357,-2.34763848731933,6.10776915388507,0.993747243431433,3.09909785738208,3.16521567276195,-1.20155887962316,-0.229642483816013,3.71938329796189,1.08547242521014,8.29303817747356,6.78254040054103,13.8882242858613,25.5589157810433,1.788424891887,0.568290404388524,6.33732420224101,8.52400950435814,1.83472002241696,12.500853577171,2.47725187783396,2.01393055555227,8.31830553338573,1.63141495620378,-2.73278184190763,-1.37076342286789,2.58479615297677,12.4485762872759,21.2715645388265,4.2848344760243,2.01393055555227,8.31830553338573,6.49827730600081,2.34778929613713,2.30053135230387
2026-03-20,3.56428265949785,2.95959507682207,8.72621114307804,4.74008555837619,8.28590684478021,14.4958779406287,5.14748490096357,4.67026142006751,14.5958434204167,9.43799469703362,-4.09011374462127,-3.32512669994837,6.11299042917314,2.93593243492752,5.09451706957775,3.14352247390886,-2.05883002868813,-1.24259986844827,3.64340477079197,-2.08452954477849,4.94860417424731,6.9124188961993,16.3210603942817,28.0041690646544,1.7979181633106,2.347422580252,7.92261932852953,8.49208242200603,4.01876384479375,14.2432952168394,2.4628634615566,0.621900544303998,6.79955646819135,1.63504026057835,-2.05879862247282,-0.883497136803197,2.69486123007182,13.1525645100499,22.2417417633389,4.84056794525651,0.621900544303998,6.79955646819135,6.55077287362944,4.19364690894671,4.40897426482258
2026-03-23,3.49403315345378,-3.30182316677044,2.41154022404677,4.72237907088527,1.34152854204479,7.83361672760441,5.03463921352122,-0.495309243947002,9.53232022248358,9.17195774252064,-10.8473268646139,-10.7282247668928,5.88396297549719,-3.09271294754764,-1.07451008330257,3.04741461973603,-10.9501874104182,-10.7668181868017,3.55572191326177,-7.94584423981703,-1.23717744829418,6.87892246748643,9.08845993110492,21.7180314800132,1.76561437220004,-4.82546419468873,0.653625569800682,8.23010974429639,-4.23363214206151,6.21802737210128,2.4030514728017,-5.09530070999466,0.898091283264068,1.60465231878907,-7.53393139552958,-6.80186433348966,2.71654351964581,6.0627170903833,15.8195885764799,4.99822469883103,-5.09530070999466,0.898091283264068,6.36977386835725,-1.30805790743103,-1.1699914137739
2026-03-24,3.46760096545705,-0.500903354638397,4.8113558614715,4.69159148912378,2.39422965540979,8.69748685677754,5.05046778896971,2.06012037289522,11.5562948501878,9.24871400324222,-7.24980704587513,-7.58720610789904,5.77520814674205,-1.09883842410368,0.736852737569033,3.01055795748885,-7.16449180081122,-7.43674910345188,3.54752236173602,-3.70888069040634,2.2773664444028,6.75179259793333,6.36870456094167,19.1708820890616,1.75032217024372,-3.54421361916948,1.45494632128654,8.02226295371182,-4.70389125915514,5.13964309116846,2.37416237546479,-2.34607625066423,3.12990914476075,1.61309790088034,-0.288947503875598,0.349330469843181,2.66111517047802,3.97851753208614,13.7653099198714,5.03480760652966,-2.34607625066423,3.12990914476075,6.29847839063856,0.160502488334074,0.301147798494996
2026-03-25,3.44577933878584,0.873674965485075,5.95722941395818,4.72991453059548,6.71308991452372,12.8730183221555,5.07648302738864,2.12882806503674,11.3571436615578,9.28173382726635,-4.45986493809347,-5.05317152114394,5.69627612654334,2.73567291274737,4.59684969981328,3.00519760734855,-5.13156640028386,-5.70724727823294,3.59936511061012,1.46456056844297,7.01127916195507,6.78930475482209,7.98592849910998,20.4576626591606,1.74988308578958,0.0916885724789538,4.73137372286408,8.14098555218608,1.14775756774747,10.1368689374056,2.36902727102549,-0.797005898492476,4.33956542462996,1.62761292535452,1.22464021342863,1.90367324182598,2.6490528477129,6.00081588730773,15.515488128729,5.06023441764214,-0.797005898492476,4.33956542462996,6.22626280926139,1.25000476032995,1.46088154569046
2026-03-26,3.37782945158625,-1.83306667354724,3.08050531804347,4.73647996814241,3.88885761759061,10.2012224967013,4.98730463113794,-3.43633681080095,5.75424068936815,9.15853891162707,-6.59479711062713,-7.5886219132465,5.72508625943991,4.37684155567464,6.39739998136675,3.00962852309856,-5.23931337337326,-6.12030260287394,3.6065949029883,0.256465955519197,5.66542504660615,6.70296401001938,4.07755197738457,16.765756514845,1.76051676569223,-1.07652589607869,3.37173266046691,8.13713810422355,-1.44523754977215,7.34170943841847,2.34834084232836,-2.222201023901,2.656570523888,1.62703810478346,-0.78221936667654,-0.164450711770427,2.64340455978103,1.09992804417004,10.7749409110848,5.02423712006708,-2.222201023901,2.656570523888,6.06394974743979,-2.08654422876581,-2.00583861835937
2026-03-27,3.33252952678653,-2.53565262678738,2.07316884836668,4.67821217917417,-0.468772086528035,5.84511254511426,4.9278523669708,-3.37687818493538,5.26945903288188,9.19136540542805,-6.33649185701864,-7.68735655928037,5.74429301470429,4.55173760139232,6.76162187733644,3.0125824669319,-7.5052064193817,-8.84094446215692,3.61141476457376,-0.825459971354136,4.38116874282034,6.53842128563393,2.6579996160869,15.1580601411424,1.76760588562734,0.1613080348501,4.39205592539631,8.13457313891519,1.22108999774224,9.50646916150599,2.34239671974433,-2.07679827156915,2.48541155018879,1.62665489106942,0.922135093705657,1.56216646249469,2.61809968928921,-0.767124909245923,8.66404935462247,5.0002389216837,-2.07679827156915,2.48541155018879,6.06065340687544,2.03440101107912,2.23461804268069
2026-03-30,3.27952866488357,-4.99572074220242,-0.748020016297993,4.5900105189331,-4.38793323398404,1.6711761471556,4.78513182561529,-7.90389163785338,0.344612658287509,9.04989058651641,-10.0058680052342,-11.9809579966751,5.66816577065146,0.643581255761545,2.89208259363956,2.95451814399425,-11.3715432645424,-13.4194639880613,3.5608456039379,-5.26038258575304,-0.336144343855439,6.44837593299572,0.676294152392254,12.9637477568686,1.74774755912188,-3.9697638163669,0.0344723653521262,8.02496856101398,-4.29833460469802,3.87724299862153,2.29841513896326,-4.81344653099296,-0.588920794922733,1.64826928950828,2.74158669898556,3.51319282706009,2.65627476892687,1.34705973734433,10.2889278325024,5.13374178389101,-4.81344653099296,-0.588920794922733,6.05228453077469,0.256327829631463,0.468003350437585
2026-03-31,3.1895925728609,-8.49756398003712,-4.77172209374511,4.4230048485308,-7.87316965210561,-2.29859288414481,4.57659052960979,-12.1268739467144,-4.54881835648573,8.94952370175634,-12.3855435307103,-15.1136258223525,5.55634066484447,-6.2523066982049,-4.31487305664914,2.93181756038956,-10.7108219862623,-13.349886706533,3.4751137859204,-9.34132160715177,-4.96097890050452,6.31847975318502,-3.4625096085838,8.66394482506524,1.7188995278248,-5.03382911612639,-1.43933315518036,7.90625112659322,-6.03870825359793,1.62128914761282,2.23142930168172,-8.8311933060761,-5.12757439773997,1.65652798633521,-0.531594795698339,0.202212365236789,2.66975851912758,-1.24539362719885,7.50587936788929,5.03690482159733,-8.8311933060761,-5.12757439773997,6.11458975301049,0.465936465288944,0.697634151050479
2026-04-01,3.26434056639464,0.109879258732797,3.4120408026039,4.4559404863625,0.722474093769176,5.69262058860389,4.59219154680558,-1.06199947426707,5.44188837903587,9.20328040265524,-4.75678243209388,-7.50617567159168,5.63393888531686,-0.675737739831966,1.0474258617843,2.96871297430277,-4.76792853067722,-7.4741147897288,3.49025689531001,1.03896852822675,4.90811703601641,6.38689736482221,6.44524815653124,17.3031300069484,1.72464214209626,0.204397444808617,3.49764749528054,8.03459578767613,2.09339713628913,9.00292278511341,2.25268544782548,-0.158641890578888,3.10689956305115,1.69483859559216,3.59744854903452,4.49361843062662,2.70842411709788,2.64510250323953,10.8707564603612,5.36894153112026,-0.158641890578888,3.10689956305115,6.1962401200437,2.7809473592008,3.16992143520712
2026-04-02,3.24666986197581,-4.41694724712788,-1.35923112342587,4.41145617956394,-3.3831353726049,1.39723005531832,4.48747986152466,-6.90634951472028,-0.678837180418613,9.20909238847555,-7.98116193096574,-11.2194169411397,5.46816326416388,-8.51588000857487,-7.24392002403729,2.93407674633606,-7.70452122432529,-10.8746480074287,3.57617667116946,1.43469412431872,5.22040865103073,6.24911100102742,-0.833037522267035,10.3688271497083,1.72144643547852,-4.09164187748464,-1.03102613226573,7.91266927770132,-4.30595053718491,2.53063238713895,2.23233016044611,-4.11867343151292,-1.09858936745146,1.73541454030912,2.55673503556129,3.582964217889,2.78685291513207,2.63861649465811,10.6830570079345,5.28610498530941,-4.11867343151292,-1.09858936745146,6.22598843516778,-1.3082567374833,-0.999294452000373
2026-04-03,3.28169126443813,-1.24775161887095,1.5273228876889,4.40078323179909,-1.83891475848248,2.58011664995618,4.49670444024673,-2.45054908367537,3.14606665229349,9.11616162458551,-7.86900644826771,-11.4881508162216,5.32550217825219,-9.61074298548588,-8.96003311697114,2.98062492553037,-1.44262121756073,-4.40496791652335,3.66167024066326,4.52931624511327,8.31523294465406,6.18563646520615,2.12838383002633,12.6827427980936,1.71541367766,-3.27547566059114,-0.551016370290377,7.89363182292714,-2.91537117361554,3.40434815561482,2.22739148172867,-2.09748914047896,0.624110117257073,1.75631426798811,2.60283790518897,3.74675043421586,2.95640854882058,10.3964664499616,18.0664552467989,5.26929424269797,-2.09748914047896,0.624110117257073,6.1686791986941,-1.66927596412782,-1.47421789285406
2026-04-06,3.34644052214592,-0.172101847299177,2.45564075903922,4.45061770359179,-0.244441106114298,3.92075728017602,4.52003510915769,-2.0220511507767,3.21856658960096,8.99975473262138,-9.40122794138068,-13.5418568630855,5.20467958352996,-12.1092594173644,-12.2123456940935,2.96363014993201,-3.42915382346023,-6.55352528394411,3.7195476323754,2.73048728898147,6.59459203791705,6.12367031103987,1.56666351588028,11.8452463340803,1.72075732729038,-2.00276922359891,0.463923443859784,7.88508997875829,-2.05024732974148,3.85638113329096,2.22096029729808,-1.94274479956054,0.553105582938793,1.79075042688181,4.21695001735014,5.55389169832911,3.00722086291274,6.94527735467083,14.9682384171129,5.30999737996033,-1.94274479956054,0.553105582938793,6.18601488256559,-1.4798482814214,-1.38413305414091
2026-04-07,3.41000750998376,0.687559542114664,3.23133613507069,4.46295910234264,-1.34394171841091,2.62424002607071,4.58713173772036,-0.070154672934745,4.86463704191706,8.81929437805607,-9.56208394146141,-14.1748656118801,5.11770238601987,-11.453069887709,-12.2617673477178,2.94349536877188,-3.31605540637665,-6.53007932435218,3.83483860849949,4.01039890972509,7.90632807167893,6.04305994769148,0.926246229526485,10.9135692672269,1.71963701628927,-2.49836931179538,-0.265482282605797,7.80884894607549,-3.03493681226729,2.52466128819198,2.22295030491561,-1.53352626907577,0.763663627339725,1.81780846756582,3.57583083432374,5.08530711550528,2.96116083566191,3.37651166080019,11.5601011130314,5.34128562872217,-1.53352626907577,0.763663627339725,6.08648832210535,-3.16777292539319,-3.2701263843417
2026-04-08,3.53638886201005,6.53449290144309,9.22230915740802,4.47118670150987,5.54319021180866,9.41794307490059,4.83287993565478,7.80211897789879,12.6145970680077,8.97730306068534,-1.59843669592078,-5.8139685643803,5.10900506223247,-7.34504220422911,-8.55357873586666,2.98450266240119,0.686923220692183,-2.23672154090767,3.86497028728626,4.02067173076531,7.99587282119456,6.09630193330954,13.7696196609635,22.8335792195188,1.75518140897081,3.44892882401269,5.67573016779792,8.01530871648426,6.43229390082059,11.6462477701636,2.27920478582572,4.58366218237471,6.9311225311092,1.85635016846287,6.03569721854277,7.81315190300399,2.91800919582133,5.03405911761885,13.0304279550319,5.90201157086461,4.58366218237471,6.9311225311092,6.1281353069775,0.41762176678645,0.348600605667844
2026-04-09,3.58164153663185,4.15201665114189,7.04527033044548,4.47667176762136,3.93266779537389,7.94613801381483,4.93657874344089,4.60561501442954,9.65053862262588,8.99793743897254,-2.86700369130717,-7.157346235071,5.07320577490736,-7.79976214089177,-9.45766215260993,2.9782220316112,-0.744475876426208,-3.64226799109581,3.85596267550701,4.19440727933571,8.24895099006695,6.08376375339423,10.2183195668309,19.8095656856496,1.77185355462645,1.97336395378593,4.26312359985669,8.15294856342344,4.23901837616943,9.60451671545611,2.28767450254044,2.05721998810106,4.49460518543078,1.89366300642194,6.69351636878895,8.79096528312019,2.90264369516559,4.74513836507668,12.7047057262055,6.35888534403156,2.05721998810106,4.49460518543078,6.34103943529431,3.33003087071524,3.4720831579538
2026-04-10,3.62381046639891,5.0808201983399,8.13276657096076,4.48032847836235,5.56846032824985,9.68014840869903,5.05553603627739,5.57399364962572,10.6871991136963,8.96934131943119,-2.4603302416011,-6.7288481910421,5.07184038695742,-5.74995119396346,-7.67752446502039,2.97323449616685,-0.286561307624284,-3.07663703466056,3.89933160909896,4.89217093910519,9.04132307868847,6.04265530519719,9.36500658449246,19.1464046225291,1.79896769403099,4.24603257085398,6.64787483001974,8.19491095321567,4.79518556421758,10.1900751788084,2.29332098035025,2.69901867989459,5.18580373147572,1.9199050988685,5.83290165412019,8.21459456020295,2.87468989978299,4.74468897557651,12.6458442657591,6.7620974275825,2.69901867989459,5.18580373147572,6.65268670326294,4.92656602376335,5.36511196848196
2026-04-13,3.62192188619562,3.99667461098726,7.1969041374166,4.68778545861235,8.41116298729197,12.7264627431952,5.15717613286016,4.29638894141608,9.51804734783658,8.84137114099543,-4.05834067156301,-8.49181797398963,5.04200052369539,-5.79360859227882,-8.01577296238958,2.94349468025361,-2.01797363177783,-4.87554516748602,3.94852284196793,4.25161785146341,8.50940640204611,6.01524967306583,7.70541270009941,17.6683213722763,1.81040989950931,3.77779013175006,6.32106236426675,8.17308837157661,4.24751871697698,9.69932314957919,2.27982227315252,0.829696623166118,3.31409245651469,1.93261579217441,3.74915755588733,6.3106423365108,2.84313042907225,4.78893524663096,12.633069855325,6.97380415437947,0.829696623166118,3.31409245651469,6.90056510078469,5.891016279872,6.67011068656253
2026-04-14,3.65366415277956,5.93110460236192,9.29113583860024,4.88683653376845,10.0235647740248,14.6695373963292,5.33317618075496,6.01439500231634,11.2804436141249,8.88916514272235,0.667392465092229,-3.35457531316439,5.03175048306362,-5.56557262551322,-8.05243183433494,2.95568606635227,0.361786429874272,-2.29625280169534,3.97514524619998,4.65225378282298,8.99309572218077,6.00134587318983,7.18422421091921,17.1768967510371,1.81530643577683,5.30147104954479,8.02040661437461,8.45317524047328,9.1878063410572,14.6715613478952,2.29122489271059,3.14964612652591,5.66781942880286,1.93152151772808,2.99982423086543,5.65769199885652,2.79576491557143,5.77243845224598,13.5404392092334,7.08898682274246,3.14964612652591,5.66781942880286,6.98250460351827,3.80668489098404,4.80432617252217
2026-04-15,3.70182674387872,7.08165259545017,10.6833437242232,5.0309272045997,13.0877381531521,18.1415405426436,5.50720668023575,7.57404939623872,12.975687215613,9.10253797510951,2.92706233204501,-0.656046959772161,5.10956300285244,-1.01288673546098,-3.36430874551519,2.97742127735206,0.935999888932109,-1.54260303414112,3.98055001366015,3.31102370353817,7.73007531467804,6.04665944258389,11.0989083933245,20.8611691429326,1.82754605279058,4.83774137612434,7.748347251388,8.52785542636148,6.9888953802526,12.7752436585765,2.32472117768905,5.33995366598866,8.02126438025295,1.93147543500079,3.73007221426248,6.48511284231324,2.98867574880715,8.73681460627766,16.4335283924636,7.68487825835101,5.33995366598866,8.02126438025295,7.20375646323583,6.04833398755856,7.35268095372341
2026-04-16,3.77293669800723,7.96032745251151,11.8497458656158,5.14407258291131,12.4829966058169,18.0719268028448,5.65587081777245,7.88826021636649,13.5022384233096,9.35369262877582,5.42546116236957,2.42766459334535,5.16250948288309,-0.328056878382402,-2.59303511358678,3.04073876133084,3.07961623822751,0.948224943382967,3.99296997912969,3.99490057853088,8.4395228005272,6.15765098742744,11.7938729580038,21.6992700183859,1.85170517310053,4.50094726877297,7.57208254183869,8.64403889450991,6.66091078660868,12.6104790979872,2.38785554972113,7.71622556901386,10.6833969133288,1.94169621673645,4.63605803864345,7.53179162470589,3.42840684613182,13.1316639377164,20.8715421306015,8.09252127522404,7.71622556901386,10.6833969133288,7.3605146766343,6.5273149772317,8.16912533965975
2026-04-17,3.8113429740785,7.08665860881744,11.2675381274087,5.19957041551314,10.7155653030944,16.7880604787858,5.70859167843708,6.6705683858395,12.5076167701461,9.53928008101027,4.34132723396057,1.71080443883879,5.17209193212242,-0.835670917297334,-3.07648916049822,3.0677419005473,4.52971765673372,2.80310150293331,3.91660879934691,2.61082544483515,7.09214946732742,6.26002839069839,9.70378734842536,19.9368908646184,1.86781125330717,4.27909248112186,7.48768789684903,8.68414640881678,5.60088484210485,11.6927525176701,2.43622259498044,8.25149879937519,11.5698716878912,1.99566698757462,7.29687271636652,10.4308309488946,3.56599897343117,10.4573091665337,18.6758807173075,8.37466534627339,8.25149879937519,11.5698716878912,7.49587673085585,6.96680761704795,8.9558219177639
2026-04-20,3.82794679811162,6.73449252974256,11.1529900104593,5.21473822529837,10.2394391195499,16.6684990698252,5.8090265279792,7.31521285076678,13.2913047193257,9.8203138584599,3.92786749739289,1.64371406868824,5.16455116272,-0.315110889092294,-2.47715914055894,3.07533816609501,3.97763434817384,2.56270406358735,3.86746470359094,2.71873186204996,7.17523751333687,6.33046330365148,8.66587885637678,19.0479589969283,1.87308543867555,4.01641826633004,7.34272467785848,8.65278765882627,4.32931355479663,10.5009383131256,2.45120426608238,6.79377790487766,10.428490602187,2.06581917997958,8.64426890962244,12.1172564702334,3.68405292465773,9.75977207075334,18.2312830655799,8.50046903483564,6.79377790487766,10.428490602187,7.55526152171432,6.08166491639282,8.37428426150293
2026-04-21,3.8660170941769,8.22779385661148,12.8750842830602,5.2295959126804,9.40085104758512,16.1494975691647,5.97563260296545,9.12943579927738,15.2645392354991,10.0197703877309,4.09794491363618,2.17084756227686,5.11345090908002,-3.20314626317988,-5.5455311254545,3.10041354940233,7.40006005085746,6.55830658027478,3.80472489673358,2.74823784157831,7.18611667461936,6.35558680456232,10.5738895504339,20.8736189818673,1.87465041888446,3.55081944906359,6.96960496393605,8.62358224080473,4.39836861388162,10.567338145423,2.49101000036377,9.79008566969064,13.7375833862235,2.25884209228454,16.5472447712614,20.5563554233991,3.88481184829757,13.3114164528806,21.8282214332252,9.07748600107537,9.79008566969064,13.7375833862235,7.56708046152632,4.62333351632648,7.13510966994738
2026-04-22,3.88239693153935,7.88309197880518,12.8126511669417,5.32967150724753,11.2822879594579,18.2452300708128,6.08498522464665,8.34779184119875,14.7528974077475,10.0196339532275,3.21890866617487,1.55626759199056,5.02045339722446,-3.62838630797429,-6.12118270747809,3.14754750514599,11.9045354223526,11.8832000562949,3.78494032673557,7.16948438269443,11.6503295313891,6.38106904825937,8.68603539567943,19.2274194057413,1.86398687880364,2.32714994666484,5.78929266497362,8.61656133916551,3.36290100976867,9.54042917346239,2.50970032667064,10.2152787216554,14.5774127161528,2.40666017378838,15.6890961194671,20.4758301986409,4.0928422086487,15.4810139471957,24.263786737817,9.43101779916652,10.2152787216554,14.5774127161528,7.72307133212263,6.20084142237047,8.94163906997558
2026-04-23,3.93531850318152,7.9494783063097,13.1315120274115,5.61279769744214,15.0270952987316,22.2457907707871,6.16132316238671,8.418375924167,15.0293236373078,9.9106368981504,2.03319087039904,0.545607029679153,4.99167052796856,-2.2212074626637,-4.72666455775844,3.17416745280231,11.6961426711095,12.4001013343432,3.77968572185005,5.24585281465942,9.93940115628573,6.46792315544264,11.0992969691741,21.5173058286402,1.85921922412711,2.55161857778927,6.01919416796741,8.55378364521094,2.52765109640943,8.65439222653035,2.50803625042324,7.91883013868826,12.6685163660658,2.46556641438271,11.1494455884141,16.6224437789522,4.26982128480084,14.9120929483266,24.1738758080992,9.73938008316528,7.91883013868826,12.6685163660658,7.83940787730252,5.04303260479007,8.0062114249812
2026-04-24,3.94059835089496,7.10634179616591,12.5303234577001,5.89171896055098,18.3182964357268,25.9621472993986,6.20706083595121,8.42971851546588,15.2410488209643,10.1465394745333,3.58436933030707,2.40519927197123,5.01212622147438,0.403226872822053,-1.91620714182474,3.19591632582829,12.9232195731958,14.3799533783326,3.80968644314484,5.5789765720778,10.3901092261539,6.4581432596187,10.5794423843644,21.1771221758538,1.85369941563208,2.32979632172284,5.80484771853711,8.47873351046308,2.21911929289128,8.24752857049402,2.47710891271154,5.34411241899042,10.3381622595407,2.51987277999124,11.734287417807,17.6115261240265,4.68457164726719,19.513707239597,28.9245036432303,9.89823567006146,5.34411241899042,10.3381622595407,8.00336399423229,8.96856156430698,12.2248674275972
2026-04-27,3.9741194494186,7.95800027572622,13.5672611323585,6.35292369241941,22.5924979234402,30.7373852643968,6.35781926666786,12.0883200324244,19.0286361669625,10.9753954676947,7.25654663770391,6.62506564587712,5.19184071038397,2.12332671225004,0.0698144209071897,3.19920929899799,11.8460343569339,13.9764132376683,3.82175181556156,4.36611712833243,9.29580260144143,6.45598995061432,10.0493640949813,20.793606793907,1.85001954330205,1.68111414771087,5.14010822660442,8.50339634954867,3.32553186588733,9.23717504304872,2.473753713308,5.97820224202338,11.0825325651148,2.54787582088718,9.80552281736047,16.1167945418754,4.92756624081646,19.3445895246577,29.3743882738873,10.0456676338616,5.97820224202338,11.0825325651148,8.10649675646096,8.7453649023658,12.391513713875
2026-04-28,3.98146624841035,7.79317033137696,13.6266280311217,6.71734328396763,19.7313767790942,28.8578855694383,6.47206964695595,10.8779292039299,18.2245885677904,11.2678015605864,6.90548426020982,6.72881003490229,4.95485191256928,0.182863326856828,-1.81752380241409,3.20460640744854,9.65116358914944,12.3229675486317,3.77777635291243,2.98795761340917,7.96201267048309,6.43053799278106,9.52525434683703,20.3830341106385,1.85302949651808,1.15431596725028,4.56283743249498,8.51153865757786,2.25152124722391,8.1199242395796,2.52016725896617,8.71618458799161,13.9693779666715,2.62805353614093,13.230879685971,19.7899806904847,5.04409068552994,18.0101537468823,28.6947360168639,10.5540469718546,8.71618458799161,13.9693779666715,8.2369650885252,7.73136257647895,11.7209317816225
2026-04-29,4.01036507444325,7.4213972122001,13.460734541808,7.0694434047464,20.8583113103046,30.555496577207,6.53620990231398,9.83194533130559,17.5001641486732,11.4869403111234,5.82562174227696,6.01574467422453,4.82471751848345,-0.273783076143773,-2.22202361861778,3.19539730773258,9.10300750605477,12.2220379016637,3.77050134571991,3.80505220892018,8.75967068436894,6.4681527902036,9.00667786020818,19.9468294433314,1.86206024812748,0.10207094351131,3.41775101743063,8.4837685241525,0.033392296864065,5.80147151732346,2.55267898871442,6.32494746717721,11.8591731416279,2.72524509480655,13.6667312594313,20.6787116428583,5.14091973329796,17.8121484314475,28.9706825715259,10.8670113810149,6.32494746717721,11.8591731416279,8.27457345077192,5.7875264191265,10.034446928857
2026-04-30,3.99662963841239,5.41086768632541,11.6387210819696,7.35163496051775,21.3729431148129,31.6878096766425,6.56694340771863,8.40748909154264,16.3396593063402,11.4878246798261,4.94927085093761,5.43908369099833,4.66081564341627,-3.89400348150853,-6.08218850209257,3.18525566666683,7.20301348539201,10.6833785562339,3.76300630477607,2.55132075486316,7.51836934378359,6.4408298632797,5.44760753721473,16.640933760007,1.86769052052641,-1.96903593640145,1.16735099122602,8.34491112379816,-3.41744484379046,2.12407635714783,2.53511932580961,3.53729875187779,9.21062145551213,2.76680272586156,10.3551321620339,17.9066785682712,5.18871960776249,16.5699495611521,28.2514132817849,10.8783951842425,3.53729875187779,9.21062145551213,8.13610582557016,1.65378871026136,6.00805910061267
2026-05-04,4.05947556117368,8.80420687220984,15.059697330742,7.69162871850556,26.0849710933196,36.6704989403575,6.86404570250447,11.6544579820334,19.6249549475774,11.4521122260473,4.96195456704562,5.73715202351567,4.52690398942848,-3.73497549774567,-6.07335491760191,3.18809995163525,6.83732037394825,10.5918069722284,3.80033018919474,4.56045714623107,9.49320027518522,6.45973086179551,3.31809700038557,14.4804080342678,1.86090786126096,2.95640452031572,5.99810164887975,8.48057810266168,5.83235578536564,11.0098876651821,2.53596781168224,5.71798365606845,11.365642078305,2.8081764846367,12.5441446886128,20.2922420078318,5.16075467628356,15.3860144694149,27.5034710889224,10.5900956820753,5.71798365606845,11.365642078305,8.0684793383337,2.8675506897917,7.1641507238706
2026-05-06,4.30238088333616,13.2157928350158,19.6618620859248,8.12236123408173,27.8856541603564,39.1310726347355,7.32670052537707,16.3367877747263,24.4513474821968,11.3859515517953,3.12365044174421,4.07369258034326,4.38512767836966,-5.43252045566995,-8.06472782641274,3.16758359058562,3.92767044066777,7.87477477513848,3.79699905988637,3.08789220126712,8.07537849265847,6.4635982843829,3.45350228313975,14.3365700781759,1.86067860383135,6.56515414068783,9.76459343564619,9.13124472211857,15.4912731209729,20.8285942893467,2.55379649466826,7.40333420480817,13.1460794928202,2.8261909205032,12.7900722045334,20.8907449632668,5.05595400781531,14.4189187921443,26.8782231025618,10.4030870438641,7.40333420480817,13.1460794928202,7.98328146130006,1.06340986012349,5.3292798085086
2026-05-07,4.49731908483061,12.9746495553097,19.891058849502,8.43799112961714,25.1617871772736,37.5354896325751,7.72619610770218,15.9204726959914,24.5852306117481,11.2450390145238,2.12451062350922,3.1761518142002,4.27775253560656,-5.35650865070576,-8.22886605075434,3.15150467179947,5.91217670074399,9.96767042722308,3.69250357592613,-1.57813689832514,3.35497379659668,6.49892622769465,5.92049473558308,16.4086912909318,1.86950102504701,4.51403512114004,7.91936143037433,9.36583243575429,10.4504086450269,16.46463743533,2.60020833480081,7.77915629595781,13.7071901863732,2.83273307585214,11.9426610580741,20.4285796058127,4.94061494451712,11.7989638437159,24.692996773998,10.3822352163967,7.77915629595781,13.7071901863732,7.79997090425846,-0.196284487296361,3.94318306438684
2026-05-08,4.60927716579811,12.0308489256198,19.396336897429,8.59620710386337,24.2539256626874,37.3828295875632,8.04750553516022,14.7487139706825,23.9492125737017,11.5443693462427,6.3660364799439,7.71991426739906,4.24581338010758,-4.90152848556921,-7.96634169260573,3.11036835906992,1.9202702186937,6.09257284418383,3.61402313278987,-3.71057727876612,0.917045933630884,6.40021278664498,2.27235983485525,12.8550908402007,1.87733378256081,2.56063659357079,6.04867068349606,9.54712299892838,8.02491119768357,14.4021889275295,2.69549356657782,11.8528831017901,17.9537199869564,2.81522463850321,9.27941940440613,18.1632815243741,4.81825028466563,9.37723444118836,22.5477585499608,10.3319967887827,11.8528831017901,17.9537199869564,7.87833162727739,2.71341824114133,6.73173376729001
2026-05-11,4.78591996660632,13.9423004513279,21.61041871411,8.61625976457363,21.0887378762486,35.1660119118159,8.59502224553255,18.0672456115458,27.484358149625,12.2642520391537,7.1285946677931,8.8497601967191,4.19880540566049,-6.28253921163669,-9.67350435301419,3.11816387362846,4.66314146955672,8.82839590167435,3.56875626709591,-1.19873660824052,3.07091112106051,6.21213842268771,0.257097670034037,10.6475940397904,1.87123898935725,1.31042818885312,4.78107213368086,9.65968378968324,6.5293223893399,13.1146499110859,2.81080613164196,14.6194218707804,21.0999363491567,2.81175354978035,7.3149098180244,16.4157074972227,4.74146036592107,6.54676567509823,19.9051747005844,10.2206390552018,14.6194218707804,21.0999363491567,7.95525737218805,2.7298294526429,6.74753914358531
2026-05-12,4.86468027374938,11.2412052399941,19.4346027378712,8.48725377929065,15.7664524846548,30.8956994899572,8.88271911184772,13.5514143982444,23.7794832627905,12.3509018111945,4.41532776170813,6.38242823754349,4.19211049330543,-3.60280836420697,-7.01335940966633,3.0553227819974,1.88225041016289,6.10912483999673,3.51124631642872,-2.81791725289658,1.18746863301062,6.01907287943674,-2.90947192505238,7.24098807588722,1.84688390284005,-2.64554209008385,0.668261786999452,9.52308490714246,0.252875708982276,7.0186671918706,2.88768117501805,13.940408410419,20.9724743473341,2.7342617979035,0.708382170438585,10.1123731600356,4.75249186179153,4.30815036966678,17.6546218688538,9.94395040003485,13.940408410419,20.9724743473341,7.86768659832696,0.00453810873812861,3.97310538423076
2026-05-13,4.9471883452261,12.1019087179889,20.534022349345,8.36328327556694,12.6794419455189,28.3028849254946,9.31676841438142,15.8730348590702,26.2290132966917,12.5357254410867,5.37706179623498,7.56975864859691,4.12228774127787,-6.07398913789657,-9.82527352690657,3.00862603140391,1.81470556812783,5.98307515521819,3.47466970674981,-2.58549847183528,1.10420803924357,5.83141312641313,-5.58820697463318,4.12777685082501,1.82440351971121,-3.41822716288322,-0.410903569857089,9.37392189258686,-0.875633893230605,5.65016477788842,3.03937062640877,18.948481211933,26.328301913897,2.68943496568817,-0.199922121221829,8.90747347276369,4.76463271352826,3.7215556080468,16.8011838833784,9.63490657898226,18.948481211933,26.328301913897,7.72599332013866,-2.18604318056719,1.58383891468993
2026-05-14,5.07419660632578,12.0550821739824,20.7903274574911,8.23317813116564,8.43458823256175,24.5446950464477,9.59582604621282,14.596967015744,25.41986109362,12.483481368598,5.27605901517734,7.69934246792022,4.09395417617389,-3.92404747615982,-7.71218201514261,2.96949038183137,-1.60268351047663,2.4492572464756,3.46791887462272,-2.61510434859507,0.778517458631535,5.65609047663092,-3.2549801414552,5.70245091018063,1.82502574458543,-1.5920706423929,1.15239987618508,9.24958112879951,-0.158431642826578,6.0581024780316,3.14363565928821,18.0090078244566,26.1308828984103,2.66228414515898,1.35398202271612,10.0399173009579,4.92110877053521,6.93109984824063,19.4128180976211,9.80782254767145,18.0090078244566,26.1308828984103,7.77347139634357,3.08884168467341,6.70364863974228
2026-05-15,5.00586266014743,6.1673334837595,15.4418198761494,7.94711717217236,0.679385579862706,17.4986515312903,9.52243212601392,6.92342478578752,18.5961639507695,12.2973935164645,3.7585751035074,6.34713114599833,4.00756272197085,-6.32413928787685,-10.4626758159956,2.92498963900954,-5.65059798989412,-1.92954736492953,3.38406723540651,-7.59998673037822,-4.62622412785748,5.5806916147861,-9.6105980734486,-0.985471420579008,1.82387964647224,-3.64662989916445,-1.17229360138945,9.06709226994017,-3.45130531636259,2.52576838741744,3.19431328949408,14.6218181383057,23.5064495298674,2.61411252104822,-3.51427438245342,5.05657630360567,4.67361683687605,-5.98302717923292,7.38392515846195,9.49743540830367,14.6218181383057,23.5064495298674,7.67552581693208,-1.60111466554881,1.94691104082513
2026-05-18,5.02330921612932,5.70971299845241,14.960418536108,7.70420591006613,1.4232485189293,17.5256587470566,9.50958284038341,4.99943813809919,16.6924008722238,11.9010697015217,-0.581246223273489,1.98353688581405,3.87389427366363,-11.8844303647267,-16.8512733414737,2.87691216735485,-6.83805214871633,-3.62179417880975,3.33786460847473,-6.84960850065155,-4.41736819310705,5.46492638371589,-9.37486011395951,-1.61167582789885,1.81296963553936,-6.23134397475079,-4.16555275746494,8.97033178478422,-4.66343120848557,0.885025962719153,3.17003183518061,9.70347070662075,19.2301390281347,2.58063123783386,-4.20715275093048,3.8574311290017,4.63785828566004,-2.09954230517588,10.1694029875828,9.37356712713047,9.70347070662075,19.2301390281347,7.59788613254207,-3.76911414108644,-0.50755677918245
2026-05-19,5.00193893339779,2.42990250120873,11.7533430004807,7.44734878482433,-2.37059235337139,13.5881450994308,9.3377976272155,0.468361146878409,12.2617752496164,11.2496321404788,-7.8310306752377,-5.65390828360411,3.78263904111594,-11.4709775787229,-16.9871859154457,2.81364303779525,-9.32229348136492,-6.70915966315983,3.35908190144715,-6.80794582050141,-4.87787031098797,5.30260044287666,-14.0258934235417,-7.01776720869861,1.80491583756944,-8.34133232975874,-6.81721678235123,8.73568330844226,-8.40501622117341,-3.35894538369322,3.06125160637904,2.87633631759938,12.8688650711733,2.52277183670426,-7.93254304386244,-0.336308209475894,4.50153600434009,-7.64260846837219,4.40482596652814,9.05739192750005,2.87633631759938,12.8688650711733,7.51835542218842,-4.50789888090772,-1.61673295811549
2026-05-20,4.99069219824823,1.0584302791127,10.1974678806644,7.22865255941096,-5.15267087113315,10.3591159849392,9.22327415177022,0.712252827288267,12.0509819912017,10.6277799297287,-11.8229125376506,-10.3616588354394,3.66072860964571,-13.705599393643,-20.0289677333451,2.76025734257457,-7.48643064129611,-5.46339255048537,3.34060465092656,-7.7101647619907,-6.30343302398001,5.12888382581018,-15.9699470261331,-10.0114361204672,1.79525412350879,-9.63879458214836,-8.74002758604834,8.39666012760115,-11.4421173337844,-7.11272817942564,2.96989906213091,3.40815461792435,13.1318178448702,2.46096216122912,-11.0815314071546,-4.17754151371764,4.32928362380092,-10.7945801067686,0.573132685117829,8.80508022187711,3.40815461792435,13.1318178448702,7.41905008068547,-6.7100803574599,-4.27047118093469
2026-05-21,5.1242000150408,7.50291629837722,16.1061266950297,7.39607881246631,4.35917437481053,18.1194073193029,9.48195368851664,9.35937254684659,19.7760940859472,10.7577422829363,-0.75353691115183,0.465772665003196,3.6180277948372,-10.0880963521968,-16.6515914684848,2.74948077487575,-3.34305654295648,-1.6749158200453,3.32740480519656,-4.00958736687384,-2.94743262366408,5.13315484025091,-7.9534049985754,-3.0754394967209,1.80481235643582,-3.5744066426693,-2.97701096372587,8.35738532933415,-2.98567810385954,0.685151002793662,3.02513044820027,15.0992232621889,24.0920194167291,2.482631599376,-3.65966470169206,2.32678224483433,4.22880826691074,-3.60585646952611,6.42155672439351,8.81336743473978,15.0992232621889,24.0920194167291,7.41147401906638,-5.55472981493845,-3.56727213411332
2026-05-22,5.17120354616865,7.32195195327778,15.9884497193293,7.59786678414899,5.24773075224712,18.5940984329113,9.65612480799055,7.79314469611921,18.3662743428029,10.8564845293793,0.715731598841981,1.91358320140804,3.6999216692893,-3.0925957367786,-9.20811976266693,2.81113494599764,-0.00351563503729143,1.54720369392867,3.33006673135481,0.0659850811226007,1.05051637957736,5.13818549398384,-5.16470332859461,-0.895292666197514,1.82757411602862,-1.49242816582186,-1.02153710910607,8.37270005396216,-0.947341517700903,2.45448421318784,3.0446883465089,14.0216719722975,23.489478832626,2.53945077282985,-0.554808117403127,4.9934864071408,4.32456641496902,1.80021885194244,11.0255434458793,8.83965636291622,14.0216719722975,23.489478832626,7.35396712766196,-3.05447342593223,-1.37350070435388
2026-05-26,5.24154079364961,9.17660574635168,17.8180345596272,7.77035861213916,3.92310809361015,17.1123826955026,9.96294743000804,10.6911336567337,21.0683626744927,11.0251684535971,0.962052636832926,2.16847032099462,3.72558798096197,-1.75384272729711,-7.67235996461323,2.95229375812313,6.0670073368847,7.83262358442561,3.32302456163089,2.62867542840899,3.71048775270927,5.19393872167806,-3.81750787588045,0.0112229442742415,1.83221244822575,-3.35690623447323,-3.1024529721076,8.35801111629723,-2.07425955562904,1.10928028998488,3.11108538857028,17.4611032350299,27.0804522264236,2.57049588609652,-0.92610985385884,4.37211204499323,4.60619189295848,4.86535406102507,13.707275172494,8.95062085323983,17.4611032350299,27.0804522264236,7.30637222647225,-4.10389276891287,-2.71973517788174
2026-05-27,5.33643421204706,10.201782239698,18.9441379419721,7.66229989711413,-2.32670573326539,11.0578954762028,10.4956519851578,10.8156990079578,21.3146748814735,11.0105672878773,-0.60802301129774,0.532560397864062,3.75341352379142,-0.594811277784279,-6.25678782605473,3.04800052937551,4.16836315155741,6.14920693328043,3.31215803080101,0.95392772288834,2.06918796700793,5.16779152773967,-8.48784405301923,-5.13767974040599,1.82164666610039,-4.89804045207124,-4.95198514202185,8.24862347485283,-4.58420598719812,-1.71969133827571,3.1427951554687,16.6685634494531,26.8350691980056,2.57479022258813,-4.07026641598323,0.948346061764035,4.92796480399798,1.92620160444532,10.7850002631222,8.74428156550429,16.6685634494531,26.8350691980056,7.24687137158546,-5.66593271587912,-4.65931435651786
2026-05-28,5.35469469090669,8.49227633626015,17.4939197710347,7.44788632800762,-6.95674493243389,6.14611218506327,10.929820724167,8.50559664524689,19.2795295575373,10.8798264010179,-2.78277985748228,-1.83235479147515,3.72910521215367,-1.50171441682466,-7.0922296846826,3.02615708068456,-1.19346380373054,0.744778976762893,3.26611981339828,-2.56337649788166,-1.60960405657762,5.05866101267095,-10.5739613974847,-7.91499272208464,1.79860343571603,-7.25804807199157,-7.7608355727726,8.07195357187486,-7.33067873158384,-4.93982898270208,3.15765753616306,17.4400630050175,27.9821442465902,2.64052900204618,1.5066702160585,6.15602676360829,5.02760357027014,-0.71754320240548,7.98541567573674,8.47175526293863,17.4400630050175,27.9821442465902,7.30285952872422,-5.15682502539489,-4.50868134987857
2026-05-29,5.47187254364778,10.2775153418249,19.2915562134664,7.25748580668445,-9.0505758609441,3.33661832187769,11.2948627291299,8.24522303237946,19.0384529683916,11.1919881718306,4.25531521979604,5.36544761868863,3.68504153327121,-4.69814434062434,-10.5556497359424,3.00439074729807,-2.14047274402806,-0.389202605331832,3.21162234312369,-4.7422021018058,-4.09554022592554,4.96407422823392,-9.4955939463611,-7.53068233906438,1.78675334019249,-7.20735322602407,-8.13988789458918,7.92927488247261,-7.72454819541126,-5.87992567920857,3.239756624862,24.2639297620356,34.7444936444805,2.70075726070438,2.86171502296513,7.43082164144331,5.02462485768345,-1.56274356138188,6.78598473383327,8.36793650973318,24.2639297620356,34.7444936444805,7.30932838819416,-5.18459909501146,-4.87950430073823
2026-06-01,5.74199879244906,12.0626288527544,21.1752162529053,7.37258864958836,-2.38711775289902,8.66669040587265,11.5897669150606,10.7091465553733,21.3363461782398,12.331848197161,10.9160802491715,12.5715946993488,3.65566574734956,-4.66826389116651,-10.609927459779,3.00268703039007,-2.90872443005148,-1.38853884359123,3.14443194120431,-5.41795914023199,-5.12474255620639,4.87699995344556,-10.2671146309404,-8.98305733022661,1.78470670662017,-4.86891940249807,-6.05110542251263,7.8134067944681,-4.68802714521625,-3.24786125637834,3.33686223201723,23.3057222830951,34.6195897740003,2.69170221608468,0.228429606176934,4.75041801658776,5.02981883102695,-0.0137182897880254,7.88453299755929,8.09627384148325,23.3057222830951,34.6195897740003,7.50495174863401,-2.77611880366856,-2.66078203527472
2026-06-02,5.99108571842698,11.2353063404409,20.6508434409075,7.20728735440495,-9.94615822487956,0.950982521340217,11.7812154207521,9.03778261532896,19.8901787418889,13.1220065748095,9.02585736198464,11.1921123506473,3.5846514818396,-7.20706655297099,-13.541825720094,2.93031132477724,-6.22476537884411,-5.09326543754759,3.03968418721797,-10.4295129788213,-10.7772586697256,4.72725138447685,-14.7301233740328,-14.3412217944445,1.80090257456876,-4.30272140384202,-5.70374264076206,7.60751783969977,-8.47899237863676,-7.55841568004592,3.36864261795499,17.7146740785744,30.2098941956947,2.61732216264584,-4.37959939477257,-0.0853899572252005,4.86814650002601,-6.8983227433639,0.840515752407948,7.76462552887366,17.7146740785744,30.2098941956947,7.47799877128551,-5.84245622451077,-6.08943522935133
2026-06-04,6.10314150899252,9.15728328472271,18.8841395042136,7.07810323418181,-10.3054956324546,-0.3362856343817,11.8023258693498,9.54442083754211,20.3889797845758,12.9045871518414,3.73779412757446,6.16251907546162,3.52552250294717,-7.9917824629921,-14.6652753580956,2.87485682010951,-6.2112030708323,-5.50211785056205,2.96808899379452,-11.1768086268856,-12.2088002196146,4.69073501756559,-12.0728321857094,-12.4512408513941,1.84135719909204,-1.58094447551448,-2.9919367700694,7.49100749825723,-4.35364870973125,-3.7686479788529,3.34431792860527,12.184801993972,25.5641545834416,2.57456979605586,-4.53717228787181,-0.667196337764042,4.73643234024326,-6.64507699550035,0.409855884119075,7.5590997435016,12.184801993972,25.5641545834416,7.48471538261789,-4.29847426060768,-4.79948009754987
2026-06-05,6.04283996915354,3.33192046257419,13.446843188507,6.87333513256931,-14.6760089947554,-5.49282592240045,11.4246738471541,3.00376661193954,14.3260166067066,12.4813252841898,-0.902867051307775,1.4854740400998,3.41967223972327,-10.6654062732788,-17.9629875386074,2.81467415105142,-6.56582386176952,-6.28439057361895,2.90360696923632,-11.6790555977411,-13.4091815926196,4.59652482823951,-14.5727761555893,-15.8517705587015,1.89720387065045,-0.972652304212769,-2.38178607138997,7.33448788269744,-5.77931188693814,-5.56414909287874,3.32810146903879,9.23474557514971,22.9507713365478,2.49276039984916,-7.8133474685312,-4.43315237953271,4.58639812535459,-11.6239306817102,-5.17118907713821,7.29749783564558,9.23474557514971,22.9507713365478,7.39045207191394,-6.09883696102913,-6.96910439231314
2026-06-08,5.80163090227261,-5.68984669526996,4.64329031635952,6.5564821255361,-20.8259416051145,-12.6505796117331,10.8997287311268,-8.16006066094394,3.5612814671959,11.8240296989791,-8.90256873088196,-6.95589432848916,3.22910111170666,-22.9687910586939,-32.3350933451455,2.70171158083649,-13.037873294208,-13.5548709887114,2.82270676806432,-17.926966863581,-20.820357851814,4.36996972742131,-24.5894125765856,-27.4760080825926,1.85599902154813,-9.67436647880218,-11.7576018664373,6.95418028123091,-17.1464348870857,-17.9756664776313,3.22155917144959,0.684082281693648,15.1355925202388,2.34937443824462,-17.745377159601,-15.2410759071913,4.31645381437578,-21.4636440329689,-15.9209775867263,6.9829387564326,0.684082281693648,15.1355925202388,7.18566960311419,-10.8305869035348,-12.3836251056638
2026-06-09,5.79983121793973,2.65798076132424,11.9400474409659,6.45440051392727,-12.6303585813673,-6.00402021433707,11.0720661932342,3.15362764788375,13.3980293322161,11.3918829809909,-9.21832103653921,-7.89669267491815,3.14276943287676,-13.0172761198675,-22.1943082108673,2.61919916643402,-11.6979833246061,-12.9185630476454,2.77759008777908,-14.1821606740865,-17.7871519455901,4.28224900594371,-15.5842418667679,-19.1586652349174,1.84140666838868,-4.31315257674079,-6.49220514370769,6.77326324633042,-9.99215043469937,-11.3660691942988,3.15053097305679,5.00342772467989,18.520527508657,2.27018620286109,-12.6779828971987,-11.1331840916203,4.10298529229494,-16.2410466940482,-12.0753976506964,6.84071609232827,5.00342772467989,18.520527508657,7.28982927050368,-3.8561332102045,-5.49860415462868
2026-06-10,5.68162674819727,-1.87572312074736,7.35964490401965,6.54295797452017,-9.61714442791127,-3.9592521121559,10.9000359735987,-1.97411701945559,8.28856767529407,10.9162246656106,-12.5636222041657,-12.0174867896924,3.06164270988527,-13.9563438062245,-23.8255367627922,2.62822675024735,-6.27397449174039,-7.78515693935531,2.76073748166639,-8.00460338536781,-11.8020318106271,4.17791899873708,-14.1855596142337,-18.5009811608169,1.82855660355702,-6.10277530637062,-8.62306710502219,6.64020251268828,-11.6229710090045,-13.6969541751867,3.04511229967753,-0.732709728975082,13.0036723226703,2.19210700383923,-14.7099852804468,-14.0894397401556,3.99657185291422,-9.83251402527199,-6.62406397689884,6.71475480352339,-0.732709728975082,13.0036723226703,7.39321128524815,-3.73567185153561,-5.54918773140965
2026-06-11,5.58182292833536,-1.43464344672054,7.32445675592393,6.54030069708764,-10.2716216064678,-5.38554617111593,10.8764081942517,1.50083343100239,11.1027100443628,10.7443272536791,-9.94855539469948,-10.0471552541365,3.03863076619588,-9.61202005587795,-19.4120614972148,2.58861958914806,-7.3122524322863,-9.24164470454274,2.73451387274791,-8.32135966119302,-12.5254140836251,4.13893201141371,-15.3740359222556,-20.5740954430712,1.81023417681917,-5.52155861052581,-8.28490761070759,6.54734556457959,-9.52741607258375,-12.0904935405616,2.96698635421063,-1.16169243781831,12.036301794392,2.14278793877236,-12.538828551616,-12.7234407504158,4.02135998312221,-8.13837052432175,-5.58317096009167,6.59963443158481,-1.16169243781831,12.036301794392,7.46213262841113,-0.861072154811686,-2.61002609574527
2026-06-12,5.65629268865303,2.23050574767425,10.4606620641411,6.47208778011292,-8.24740071089031,-4.11282720502852,10.9448429951919,8.82365584616356,17.8225055079388,11.1561084563088,-5.04381649679947,-5.44709177807052,3.00186013364093,-9.76911423244677,-19.8915673655323,2.62785157166556,-3.31924221424434,-5.31555743963198,2.77345890464391,-4.48485259133241,-8.67628640282931,4.51903649020815,-6.13756245914988,-11.1417352161707,1.8358714070389,-0.840283314346697,-3.43173754154856,6.53523844067435,-4.91414745196378,-7.58890127844,2.93059605032749,0.479723476621912,12.9777754541581,2.16526668125192,-6.40189494364726,-6.96705929630621,4.11686300234186,-4.62901301681944,-2.52925217724711,6.66823635416839,0.479723476621912,12.9777754541581,7.40625348106533,-2.35089776756351,-4.20577531147893
2026-06-15,5.79294267567068,6.92606237101053,14.823593514039,6.75881949556157,1.17966523989581,4.87463406895138,11.2275633025468,9.20996763771172,18.2976335024845,11.4548306133378,-2.33546405748537,-2.85845226493458,3.02877678683316,-8.12780677532365,-18.2869537364896,2.73965418953643,3.45618984640577,1.88470062232527,2.8047123315389,1.05832303402787,-2.68527076967064,4.48860907565192,-0.607928025500862,-5.20591292824848,1.88574210246829,2.18132437629732,-0.0931623859397839,6.49811847830665,-3.12317419100866,-5.85060422409835,2.96911048678456,5.26701659313301,16.9565583920726,2.19938864953882,-0.683087276456911,-1.23956688958864,4.09916082216243,0.740235597239757,2.69845764841741,6.82298259713108,5.26701659313301,16.9565583920726,7.50476966210741,-0.0384300869042357,-1.78275257890234
2026-06-16,5.92004410707339,7.83207165408338,15.7637802766698,6.94997397252733,1.24540282545516,4.86551453472625,11.5775444352213,6.21855637502287,15.5596259516064,11.4361665205408,-4.5311768587363,-5.32734711065049,3.07672229376148,-4.1367543634283,-13.832683052334,2.8606152666762,4.76968882595723,3.58355737696723,2.91283414238019,6.71507670040907,3.76541820046161,4.47705737570425,3.9885559038759,0.0381195605665471,1.92835472093063,4.1726805934699,2.30005953804291,6.46092245968637,-1.59596160953532,-4.28071558200991,2.98380121592291,5.97488343185621,17.4174882554159,2.2166691598347,-2.1272389286456,-2.80247134433251,4.2548876091843,5.3747247099795,7.49038538523235,7.39853048003645,5.97488343185621,17.4174882554159,7.468620406681,-2.15336213322676,-4.00184318060663
2026-06-17,6.02577923470879,8.5061421475994,16.5237333412561,7.0536812195451,1.43483002750244,4.98982943345977,12.049680392042,6.69652032731734,15.9727205428058,11.3571700650008,-5.25099409556157,-6.35039334702578,3.21154678150476,0.344203977247824,-8.54608781698127,2.97247346655918,4.97831629832724,4.15572240294645,3.02106417697503,6.36318705510299,3.93286518760296,4.46280631008844,0.85232093462995,-3.01085572896103,1.92554483931862,1.49664811657882,-0.25715047943539,6.39877698281411,-3.6004498579568,-6.46337284618202,2.95906898387328,3.34883749545266,14.8159040798219,2.22955636717247,-2.35845148309256,-3.15628413114892,4.27015482580504,2.30291478280133,4.53898344723216,7.50710448392242,3.34883749545266,14.8159040798219,7.50006274458401,-0.528185728222436,-2.3095943583751
2026-06-18,6.19227315995267,9.77483721116506,17.8898213346865,6.99942821523465,-2.01616195614334,1.4015278342921,12.6462052727008,8.16609331161706,17.3616779125487,11.2077003402038,-8.39628458735406,-10.012899558574,3.22642709466652,-2.71258394096541,-11.7086743914113,2.98300973973285,1.26216887138846,0.520182721717821,3.06235877830193,2.46946212537759,0.19673949467866,4.39435620882161,-3.05087186211778,-7.1096016108478,1.92015952684458,-0.783109949776879,-2.55703011620006,6.36979604194107,-5.62484818453486,-8.79325674642186,2.91590160757905,1.55948819938681,12.8586862223151,2.19987555879659,-6.30583205201205,-7.49736328072637,4.14631037783901,-4.10410513392091,-2.05945784671665,7.38741904686744,1.55948819938681,12.8586862223151,7.33279917358839,-3.76610585302648,-5.77272764284868
2026-06-19,6.25226707003365,8.61452320648357,16.9665876164902,7.12461722821837,-1.14904457234893,2.03945257220104,13.1796180296002,6.25992160241068,15.6024975544394,10.9446947088935,-12.1555794627161,-14.5336669853636,3.2127750330028,-6.05517301025032,-15.4083253662162,3.01644871413232,-0.104347105855902,-0.833642450828809,3.03081603852939,-1.31539952025707,-3.66828337611209,4.26575699862375,-7.55112109752368,-12.118619499015,1.89783834217642,-1.86494514929124,-3.70639115836981,6.26955446392065,-6.69602504219614,-10.2059826100512,2.90595574842997,0.55970016815534,11.5542088259654,2.22519496884963,-5.32072166342175,-6.79040544328045,3.99194959518197,-5.51435967957219,-3.85377590226003,7.13113373888615,0.55970016815534,11.5542088259654,7.26757499419181,-4.38276161417437,-6.60209955262217
2026-06-22,6.28926289008283,8.23013344406399,16.7219526829611,7.0751937728348,-4.11218232559588,-1.20049540022473,13.8015312555248,8.58883123890093,17.7872680868017,10.7935589766292,-13.6341070165363,-16.822511076039,3.18867312282689,-7.03844673614866,-16.6067192529691,2.94348802186051,-5.15081483763618,-6.20956493125699,3.01243258149652,-2.96362699316092,-5.4514841804743,4.17129094873535,-8.39514995521063,-13.3738503763516,1.8778845796356,-5.25195184366583,-7.41481137349978,6.09275724803776,-10.0216916787525,-14.1529978829296,2.84910546442726,-2.55939936781933,8.2054302347528,2.21200349846035,-7.55771621883183,-9.47839310668163,3.84357045575792,-7.59792025145597,-6.42931839651061,7.01737819580229,-2.55939936781933,8.2054302347528,7.14695076137103,-5.44401848483305,-7.94679979835692
2026-06-23,6.05291632969801,-2.01661710346698,6.9471821609648,6.92359944778202,-10.41683689062,-8.06546925301087,13.5907535014382,-2.9912568235382,6.81125500753121,10.2753284432772,-24.1096612321952,-29.0167060449618,3.11260303977595,-11.2176817462882,-21.5656709937718,2.7987937702235,-13.6757798417856,-15.6362047533976,2.95432965022827,-9.01637868001628,-12.1275099165927,4.00569797583769,-16.9741415101695,-23.2660674835815,1.85170452503296,-9.01820148345248,-11.747746688782,5.81097563973207,-16.3791131800505,-21.654154679288,2.70134965676193,-13.858834664001,-3.08767113686439,2.11572968787461,-17.1695647033867,-20.2739693664977,3.59626887362609,-16.8634811072283,-16.6696768652168,6.69029531990363,-13.858834664001,-3.08767113686439,6.9585365809782,-8.18283300414594,-11.176244159893
2026-06-24,6.07835927640094,1.53012241640495,9.92413039310396,6.74660353734337,-12.0370253685537,-10.4641211176099,13.563629267149,0.1184505892179,9.25837527477165,9.94194209868044,-19.9992987879555,-25.8760856977294,3.13367792922811,-2.75715746223281,-12.1396900529966,2.71433765956414,-10.2477546050979,-12.7269091453805,2.93410961575789,-6.91123701538634,-10.290529807761,3.91058583597976,-14.2212105098414,-21.0820569374263,1.82683681049181,-8.47806506706137,-11.6340014755843,5.60652206480587,-15.0354839549755,-21.0450612976185,2.59970705303275,-11.6748384210211,-2.13578074988266,2.07888449029439,-12.3124785406788,-15.9668748456333,3.41225506757918,-15.72932873581,-16.5162458675343,6.48262212910519,-11.6748384210211,-2.13578074988266,6.92858252111292,-4.1719527817886,-7.21134674284592
2026-06-25,6.20332556104236,6.08550786731671,14.1015933201327,6.5764023076069,-12.1572571281798,-11.3799234755574,14.0541025572714,5.57243124760065,14.167889748569,9.72573487443491,-20.8881827557193,-27.9731760301337,3.1070121156817,-3.25230580508579,-12.5417482514,2.65483179278715,-10.5521132741047,-13.6180014764976,2.89858762487075,-9.29100180683247,-13.2150390096664,3.78386173033994,-15.0095849825287,-22.6674428614452,1.81064856280504,-6.41817666939097,-9.80906754766364,5.5407661514253,-9.5951961506189,-15.740867821108,2.52252912135642,-10.2647029814331,-1.7623643914271,2.0433860881168,-14.4310696991688,-18.949440437897,3.28479267572481,-13.9110019974535,-15.5261092407709,6.38362516248209,-10.2647029814331,-1.7623643914271,6.97032630511453,-2.508662704036,-5.5449762295631
2026-06-26,6.17263185728757,0.523007889609007,8.70877549710634,6.31106876697566,-18.3361449795605,-18.6706625026496,13.9618695764716,1.00414653126881,9.71499019666757,9.29118046162715,-26.3909700909427,-35.2985229173997,3.02173249585037,-8.1130842443475,-18.0345803797432,2.55432714785826,-14.9605698701604,-18.9920018218977,2.82376893206865,-13.6724547564882,-18.4899919319992,3.59239676539642,-22.4800921622925,-31.8588933100795,1.78971045215646,-10.1250734482704,-14.156040287064,5.36413552072566,-16.7268922590412,-24.1463754489274,2.43576643244226,-13.4275874656159,-5.75106915452587,1.98418194101171,-19.7506178362478,-25.5954257623282,3.1184468881627,-20.1212900267726,-23.0324138106903,6.14424678606225,-13.4275874656159,-5.75106915452587,6.88707181140771,-4.30671557864767,-7.55469889357872
2026-06-29,6.05316542795931,0.145000272766416,8.04741469252618,6.33350393594725,-8.30762578692438,-9.11856683539407,13.8230666486719,-1.87286915077026,6.64029925654396,9.25559175015221,-14.7567061685882,-23.5460673229766,3.15667197998297,3.86639296565248,-4.33449505801991,2.54735767006554,-7.61438270485128,-11.7386901193539,2.78182491198041,-7.66301082023225,-12.5542621986485,3.61103527718858,-9.85442082026568,-18.6230370837858,1.7929217733802,-5.18921685864691,-9.22904559047874,5.38332491438576,-7.59526607040903,-14.6852405658334,2.40381917843922,-9.35254208983013,-2.75712852140673,2.02262393661761,-3.22828268267523,-8.2849112852838,3.11045990131774,-5.07427290486287,-7.84750646419142,6.15285057055313,-9.35254208983013,-2.75712852140673,6.97350907726695,3.94309666565665,1.32587250448222
2026-06-30,6.03952378184607,1.12393697294398,8.7026168704771,6.48134351263436,-3.38074443646667,-4.33633510611524,13.7683294529506,0.0658602380750847,8.09304076292004,9.31657068596788,-13.3513055811036,-22.6226921338403,3.17055749056617,-0.793314994388639,-9.11048371476506,2.501088042484,-9.21814447927003,-13.8462803662684,2.73182026401468,-9.4891318014318,-14.8994405992277,3.59944453321967,-10.9232293101763,-20.194485617367,1.81574477391818,-4.39138532372415,-8.5323191337365,5.36291950471435,-6.10588957770643,-13.2422973941394,2.37938227715157,-7.30835926135791,-1.49799630363827,2.01408025517536,-10.0403591274633,-15.8907267025855,3.10034872226467,-6.40846998167574,-9.52069714545986,6.05788044681394,-7.30835926135791,-1.49799630363827,7.02804826331086,2.31927504241606,-0.0878221203571102
2026-07-01,5.9134246709167,-0.903804412113453,6.47804324514244,6.82193975421179,4.97054237631779,4.43901314760836,13.5772094412702,-4.12859666996464,3.68539712670401,9.25436754992244,-12.743688424842,-22.4982421890177,3.20124383438366,0.316041770572063,-7.56480580370333,2.49425507162691,-5.46675873483327,-10.1225949254071,2.78312498880001,-2.78490898138775,-7.85111483870011,3.71834939537615,-6.17973941184363,-15.1413762541507,1.82900896424015,-2.78307471946512,-6.88381500731672,5.38666402939215,-3.55133958815928,-10.486867313676,2.35132076480538,-7.33506833771888,-2.16518943534179,2.01385193610925,-10.5020841423988,-16.8533634851577,3.21566422571809,-0.369272911722773,-3.21370228272681,6.05478297783166,-7.33506833771888,-2.16518943534179,7.20326232447499,6.31581249746564,4.50454622771999
2026-07-02,5.65835175669018,-8.23237575714313,-1.07373415484786,6.79272994890174,-2.15403210145643,-2.83759935266195,12.8089466739936,-14.3609255537895,-6.89585381444772,8.91643219042909,-16.6626817667577,-27.5380240204589,3.17348538921409,-1.54757808341145,-9.36912871235946,2.49930513673444,-6.94239758810261,-11.939104514576,2.83937010656379,-3.4072632894886,-8.53222780986661,3.68408714331279,-10.8059482263815,-20.55262847892,1.86321662159833,-2.62466472104456,-6.73162786850125,5.2572509803563,-8.28768994540142,-15.8253291377897,2.32398157703912,-8.92207499982828,-4.39048337913394,1.98567894701798,-11.8971937265666,-18.8822704041991,3.19202428373547,-6.61757871885431,-9.94931655998877,5.94162995864304,-8.92207499982828,-4.39048337913394,7.28304380423734,6.58130535809663,5.26638055597284
2026-07-03,5.62930878743144,-2.71014977974177,3.66715409360358,6.70681534667535,-4.6507957365451,-5.61473081839584,12.7056781001664,-8.79331128187153,-2.45659536372273,8.69719228958584,-15.0757596937332,-26.4581015098527,3.14533655755814,-2.14688819060213,-9.85572013165465,2.52188260483062,-6.14645724517322,-11.3211141763777,2.92888589599991,-0.833748742572705,-5.69099453476086,3.63286260189529,-9.0266381900905,-18.8799483879362,1.90592338887793,2.75574239806706,-0.801499703977256,5.27887021536137,0.230821181706686,-6.42560753363357,2.32144911162306,-5.4255562933466,-1.52455761042485,1.96279635286892,-9.15549113141364,-16.3269112835756,3.14754519547519,-10.1259425932931,-14.0913545541887,5.86930923045748,-5.4255562933466,-1.52455761042485,7.21589080078425,4.82068700923273,3.83887493684021
2026-07-06,5.66094884800721,-2.97227455067443,3.00519880124193,6.54513103296966,-8.69810730785537,-10.2067439656051,12.4959485962257,-10.6102003060985,-5.01478475346302,8.52683100041444,-15.0269132227209,-27.039026764715,3.06335412633952,-7.00598438153234,-15.2521154301707,2.61057548932196,-3.57745785705537,-8.66801183146595,2.97445622949691,0.993367289933651,-3.52248782541059,3.5528633813954,-9.27161832221772,-19.41863380478,1.93751639645636,3.7847397631071,0.651513585000718,5.37627888564345,3.20232894131148,-2.78268955917987,2.33545446110715,-3.08962972855596,0.395597135214714,1.92567141585466,-10.5622119197536,-18.2653833842144,3.04944521743148,-14.2281433992798,-19.1127821595021,5.78994923226512,-3.08962972855596,0.395597135214714,7.14643686891747,3.43275683344903,2.69182742589781
2026-07-07,5.55003694151319,-7.11208679448389,-1.53675784312379,6.31869613570214,-13.7876012524657,-16.1780180759679,12.1121594402988,-17.1583074191412,-12.4387124719749,8.24989765952121,-16.798751164128,-29.7351650890564,3.04834344520352,-4.84655423009829,-12.9472916658266,2.45918618896445,-11.8939240682535,-17.9731366673974,2.97221433932604,-5.46327247053642,-10.4484691175808,3.45149773073479,-12.6328029069796,-23.5826347943817,1.96755366101071,1.47660596316357,-1.50967098014131,5.35199746369857,-0.990758413274057,-7.05770535216442,2.30948062629994,-8.08421978350566,-5.04636421257817,1.89203682143181,-12.749964555979,-21.1768124477034,2.98021601514387,-14.9297840654335,-20.6407079106623,5.60622861331518,-8.08421978350566,-5.04636421257817,7.29453069299509,6.64507649131677,6.37349995857469
2026-07-08,5.36509123033957,-11.8208132647111,-6.898352175557,5.95417789888907,-22.9192026822572,-26.8680290355807,11.6415381309778,-23.1446760669533,-19.7172786233212,7.85230350583118,-20.7274607140278,-35.0902504443885,2.90547443652162,-10.2629689578618,-19.1637791304044,2.2958250251465,-17.6176996772775,-24.9449732937086,2.89930376986046,-13.9951664493738,-20.1058271789732,3.28457999014766,-20.6555802405855,-33.4074419655189,1.97899347321888,-1.34474348557383,-4.38346208471755,5.24866420977602,-4.79608425867821,-11.1708594860842,2.26548551483398,-8.72049821648093,-6.29977260326258,1.82450714284628,-16.9414395737223,-26.5158675019769,2.85077774549702,-21.3290407213826,-28.5493913686069,5.3809658086553,-8.72049821648093,-6.29977260326258,7.24206267379628,3.09253339712208,3.01407557707928
2026-07-09,5.24479420956195,-10.4889160134816,-6.41859585675261,5.7671663484779,-18.7674945923735,-23.6563698852055,11.5167810388224,-16.5858262236726,-14.448525525414,7.70340724202879,-18.8078682858098,-33.7788643818788,2.79951376235268,-10.6251558822612,-19.9496531083098,2.1597023420665,-18.6175796944526,-26.9874469698462,2.7731089965178,-15.8027280610501,-22.8310173745572,3.17220984103668,-18.7259732287012,-32.1414838666193,1.988180929387,-4.27931550712643,-7.56135806537748,5.16940089295948,-8.43066830376293,-15.3417637774376,2.20947621892887,-13.1502933139088,-11.5143814200944,1.7651352521472,-17.7326091293642,-28.23863094557,2.7774091728548,-17.0151034920179,-24.8616202063301,5.25259293113011,-13.1502933139088,-11.5143814200944,7.08365767984016,-1.38918892202916,-1.55418778272916
2026-07-10,5.20659787577741,-6.6744730050236,-3.28719627686156,5.76683231336445,-10.4117395019449,-15.4664656445434,11.4233010741945,-10.578628949262,-9.26636188579381,7.7735525530918,-11.4286410083121,-25.7724498272026,2.74280238180203,-6.9955128055645,-16.1531942823664,2.09056598945739,-13.4778389154681,-22.101751905401,2.70132264965055,-10.9738447867511,-18.1917873062885,3.17043731917328,-9.2501567846002,-21.7893071328197,2.04503562778614,1.23443246298156,-1.67180583460266,5.19747963252018,-1.10421199447033,-7.3711170532808,2.19096908003921,-8.11891523551062,-7.10789481674011,1.76997717374785,-9.6817739870526,-19.7724098246286,2.79837999997711,-9.73205620417345,-17.4702528683956,5.31339805596935,-8.11891523551062,-7.10789481674011,7.03668184991895,1.2594834446935,1.18329037563178
2026-07-13,4.99812633296157,-15.9410942486965,-13.3398159558659,5.59576031238104,-18.5547772808421,-25.0042653921035,10.7854192807186,-24.2192185984553,-24.2734585874823,7.6751079621451,-16.3477855616324,-31.962558424732,2.67606519013953,-10.4032509322433,-20.2162517314903,2.02446388144247,-14.6862358326656,-24.0824303207635,2.62613304486784,-12.7770828731845,-20.6998538188263,3.12558942248191,-14.3689599060595,-28.0373585121014,2.08996287618428,-0.330045078038276,-3.18796207978745,5.12490336058742,-4.39600744056083,-10.9129469820464,2.15744454676814,-12.2765146191318,-12.0163345606673,1.7814063243247,-8.4345143949715,-18.6199306986155,2.84443024314001,-7.83039880282647,-15.6769931670372,5.20443314473262,-12.2765146191318,-12.0163345606673,7.03622120859404,3.15382657092014,3.27755541651019
2026-07-14,4.91014734449928,-13.5366506044283,-11.896681087198,5.51208552255348,-16.0396293945508,-23.1861492902273,10.4769952101224,-18.7181507498391,-19.9278010745489,7.48242111964884,-18.3324467012969,-34.9747516495686,2.58121478764043,-13.1505021372734,-23.7457735553654,1.96438684441211,-17.1435474880995,-27.5682658732025,2.51957920383772,-17.2522525956968,-26.3572121823024,3.05420792001101,-15.6638872463175,-30.1041864781392,2.09572019732819,-2.798434662748,-5.79317116263448,5.02464677495806,-9.12935082207622,-16.2975384395636,2.10449222138591,-14.1598512956868,-14.77913368629,1.77193991878618,-9.48746114653162,-20.046063290114,2.77700672154193,-12.6862991250694,-21.4435735668026,5.11310216293359,-14.1598512956868,-14.77913368629,7.00505753575487,-0.615920519639844,-0.530474408116825
2026-07-15,4.95049864568283,-5.94587785073189,-4.83504514508829,5.58728680103107,-9.50084732212808,-16.6276653229464,10.5617372140513,-6.52541557666189,-7.9790405168165,7.68068152087593,-10.8687957236464,-26.6775205268598,2.57048306104133,-6.84005637422751,-16.9404067630167,1.96595879544494,-12.1164892405087,-22.5618728284132,2.49879899664535,-9.34907885585134,-18.1596574634321,3.02081177171804,-11.2357101134952,-25.4161348427519,2.10580207020818,0.886175851623684,-1.83050641751457,5.08230282162319,-1.4760032201644,-7.98128627017098,2.08409964790448,-7.67772124088112,-8.71854633767136,1.80185096098412,-3.9092659174375,-13.8171460595556,2.82539486969347,-4.51476635206731,-12.6335177184553,5.09478128691697,-7.67772124088112,-8.71854633767136,7.04908056896947,0.553597345944982,0.668969314493507
2026-07-16,4.83039363290332,-12.3766722948325,-11.997852820336,5.5282672602695,-14.231197574433,-22.3491953093663,10.2058890890276,-17.2777601332719,-19.909025546851,7.53937980707637,-15.1648982595529,-32.09992260437,2.52368430363218,-8.29682109987531,-18.7264581267317,2.00462783059813,-7.39651003998136,-17.5374568235118,2.49728902721164,-7.92137762062178,-16.8309575675533,2.9450565589309,-14.9784825295389,-30.1818078138134,2.11057217542482,-0.633213848112397,-3.32433603904107,5.05019371616306,-4.10733553606767,-10.8005339480044,2.05638030513155,-9.34599471684401,-10.9493323436109,1.79513774654272,-5.73042489950276,-15.8266864122623,2.81361764048874,-11.096473293623,-20.1623267590816,4.96940291774531,-9.34599471684401,-10.9493323436109,7.12471412571304,1.94136531250239,2.1706466152742
2026-07-20,4.68432098427804,-15.3971368615848,-15.9715242429583,5.38736047605549,-20.293998134487,-29.9100613934046,9.83464559752779,-21.6466250258936,-25.6583466607777,7.25519802562755,-19.5093340521126,-37.8921873035604,2.43462592276861,-12.2792128400503,-23.5482539449685,2.0023914985812,-12.5028076811149,-23.6028915124952,2.43632822821574,-13.739798106205,-23.7269720913961,2.844336935973,-20.2179180341551,-37.0129186304913,2.06575411866689,-4.63140129608365,-7.6190153733664,4.90429387543826,-9.1291301783364,-16.494676830548,1.99709722790314,-13.157813107461,-15.5862130355811,1.74487222104124,-11.1393519611881,-22.1332493624023,2.83161336859693,-11.2406682663144,-20.7510890337605,4.82248677351348,-13.157813107461,-15.5862130355811,7.02085360376262,-0.945649985418973,-0.777204948528672
2026-07-21,4.67694281867186,-10.7722885637668,-11.9744711201758,5.38644057807372,-14.431909364315,-24.2309371062568,9.71085277482083,-14.3136254166146,-18.8697096041139,7.22063217842741,-12.705762030341,-30.3466301677216,2.36561046731665,-11.8465222003863,-23.4856952305382,1.99049478330665,-10.9030826867018,-22.2001318783817,2.41684798474243,-11.8571992169837,-22.1333847063729,2.78155714221265,-15.6912399584368,-32.4133112814207,2.05616730520975,-3.0114391898454,-6.03261317942222,4.81532689964959,-7.66783097390484,-15.1769006698224,1.95757517641754,-9.97554701914435,-12.8824331106183,1.73254831138488,-8.59383838729523,-19.5327765479132,2.82111387123387,-8.7162955943256,-18.2614770299176,4.75153603284066,-9.97554701914435,-12.8824331106183,6.93309930862213,0.738732241913495,0.943488399770446
2026-07-22,4.68102440161547,-8.66218434667413,-10.3410858599318,5.40006475532819,-9.96235666724966,-19.7125237872319,9.61801565649178,-14.0219091769941,-19.3129025052358,7.4698535271478,-4.48697360395393,-20.5489332962447,2.32067163052011,-12.8338458751536,-25.0450315245499,1.99857260481069,-6.5177052569304,-17.4132570920821,2.39680772603001,-9.15328513366832,-19.4396306152003,2.79210340491134,-9.98330330127777,-26.0210315102067,2.05406861165236,-2.91395808706003,-6.00298187224005,4.77053985567259,-7.00630783005492,-14.6598227730582,1.96104509564057,-4.80025477304019,-7.77177740826351,1.72774953946526,-7.38637251132597,-18.3120813985326,2.79018160054305,-5.40227415690043,-14.676053502865,4.7530312201219,-4.80025477304019,-7.77177740826351,6.82831157726129,-2.1913766850601,-2.12407477004323
2026-07-23,4.74074773700242,-4.42411003534234,-6.25511098453691,5.72142211399038,1.14486644079623,-7.19554915861569,9.70903469716226,-9.8953504403571,-15.4540312740992,7.59969906004755,0.054416625890486,-14.7027116313729,2.34321428105605,-5.58672311588019,-16.9725669128734,2.05198471420796,0.72612034162004,-8.97777842432262,2.44252002754555,-0.765734394911698,-9.94397986653241,2.88974164376736,-1.76886577874139,-16.1624241879809,2.05735222670214,-1.19984342574379,-4.19623249890881,4.80707850391087,-3.5198233481319,-10.877019051673,1.98532949878863,-1.85271441968782,-4.74744120019469,1.79015998093019,1.61054799102155,-7.89093693352476,3.04239179266531,10.6212462393429,3.81785450593844,4.86511605150984,-1.85271441968782,-4.74744120019469,6.83559453624381,2.08301393774989,2.27381234749561
2026-07-24,4.65755837373024,-9.05064190892297,-11.4642415450946,5.73159034284756,-6.03761442262176,-15.0585409700871,9.49481886140279,-18.3330423946752,-25.3127476437254,7.38253573993489,-8.67214749029381,-24.7550014836718,2.33788484482275,-5.13302245502179,-16.3991708094319,2.07158382211905,-1.83746684466099,-11.5335210125995,2.49151014826436,-0.324261588465747,-9.12700642560449,2.90461765523824,-4.23559105542799,-18.7227443640312,2.04081032704984,-2.3587373477344,-5.4237036418948,4.73599237874923,-7.16518576038679,-14.977947562884,1.95286875562682,-10.6295511547237,-14.3391505061991,1.77845912342676,-3.86250532408499,-13.7760779318527,3.22489148421608,6.40994571775122,0.0116121920295018,4.83186585050822,-10.6295511547237,-14.3391505061991,6.74170879063995,0.0210101694803021,0.209483485386346
2026-07-27,4.62909987825866,-7.55845330282711,-10.3306053520574,5.71938590531814,-6.24538498215462,-15.3699777666365,9.44993971787836,-14.6043859712857,-22.0904886095697,7.35392669851742,-3.5049670886,-18.4918828021695,2.33647482101009,-4.95731660124474,-16.1242454872618,2.09185392831897,-0.843725945177826,-10.1290054477858,2.45363593144151,-7.1150694189795,-16.6487874537212,2.905801753129,-5.47993284160919,-19.9814668419715,2.03407490936235,-2.0536815541755,-5.12305907107756,4.69482631716237,-6.34447188459645,-14.2329893263663,1.9343669921379,-10.8003501058441,-15.0753564370281,1.77475915317935,-2.88045918952924,-12.5213672224066,3.1359510143673,-5.69318895163614,-13.0274791815222,4.79724057807968,-10.8003501058441,-15.0753564370281,6.68220395143297,4.42298785922087,4.86912315310762
2026-07-28,4.40611938761786,-18.5801529873154,-22.7154254309561,5.47870471822961,-18.9132317984263,-30.0606491100243,8.96300702516885,-30.8609609605576,-41.1885192366041,7.08800018042497,-10.8931324085256,-27.1541517579945,2.29481906528713,-7.55106419629142,-19.0940236074455,2.04293236887264,-9.28194627296275,-19.6107533020542,2.40722616436899,-11.1294841492897,-21.4219338748217,2.80725051157613,-14.566231331762,-30.8037528751813,2.0007077090278,-8.01561219106206,-11.6576060478487,4.50139058221373,-14.9932626703109,-24.2296815947311,1.86082721007561,-18.3705522343573,-23.9677171204504,1.70531601646256,-11.1889730706648,-21.9987201921894,2.97374716293834,-16.3166403534487,-25.1964160044243,4.59247101661569,-18.3705522343573,-23.9677171204504,6.51293642841355,1.53105264722051,2.06674131209066
2026-07-29,4.18846296708025,-22.9353615936039,-28.5554277708436,5.20719854141387,-32.2903015595702,-46.5109480262246,8.38238907856193,-37.638830406491,-50.7063153174568,6.82359095603679,-10.2790324997695,-26.6047586499323,2.20811788537625,-14.7918613717466,-27.7052628228122,1.95908930784311,-14.5978157375035,-26.0477262496174,2.31897720309605,-20.1745255733177,-32.3063877494638,2.65640056374845,-22.0467275665131,-40.3472593052905,1.95856124643061,-11.8653301595023,-16.2643687102446,4.27491330542051,-19.0006572310523,-29.5149801215249,1.79532234595123,-19.6600287245384,-26.4076361005459,1.63441698345545,-14.6903758263434,-26.4573283522394,2.7966853573332,-23.4235175621145,-34.1075602284772,4.30957093245033,-19.6600287245384,-26.4076361005459,6.34763522940892,1.13822068138592,1.72480703594107
2026-07-30,4.03435832670745,-23.1684016063592,-30.1200028927747,4.89805744035587,-36.034377635132,-52.7070230697382,7.85958094436372,-40.0828816340514,-55.7276363571203,6.46580797520878,-13.8103603394681,-31.0600395357818,2.12353042781646,-15.6260835357364,-29.2685809004835,1.94081500162139,-7.34469899624276,-18.1783224832143,2.30863689164259,-13.4332716081325,-25.4044517661066,2.52635923643519,-23.3002541313659,-42.8597958142789,1.95895029790137,-8.43285725544977,-13.0853943476043,4.10317949248868,-21.5217180521441,-33.3626563056032,1.7477290215946,-19.5299329571203,-27.326542778498,1.57963319217788,-9.4388469417292,-20.909073799808,2.70401271572548,-18.6969774000085,-29.8903279909984,4.03583798597464,-19.5299329571203,-27.326542778498,6.17572127282737,0.697921228374052,1.30681035016776
2026-07-31,4.26463522032507,-3.68441501499364,-9.55602436294753,5.01942455222378,-11.4884413837241,-25.4705966089135,8.19140779884253,-7.02306332721237,-19.0210891616781,6.53464319999398,-2.31561231661122,-17.3938290735464,2.13142679972935,-6.48985869060574,-19.0409545263867,1.97585857761712,-1.86262785104961,-11.8741741065769,2.34759064391996,-4.51023629165475,-15.4346057152584,2.5641137322563,-7.85188791580638,-24.9020206859618,1.96350218096258,-2.65675252173097,-7.06475400448266,4.16920625097363,-7.48377624075219,-18.0833042656107,1.77406667980758,-6.13838316743658,-13.2105833300406,1.59573504956929,-2.99858982640362,-13.5879305804574,2.71355011988438,-7.97427195671829,-18.3269654226695,4.01738589984134,-6.13838316743658,-13.2105833300406,6.09196854706224,-0.779425882407996,-0.233489697570666
2026-08-03,4.28014762918267,-8.46856212338875,-14.9430829659574,5.13450582231728,-9.24196217576842,-23.0945875181584,8.15319336040857,-14.3116094586924,-27.6726100717742,6.96412483097372,3.23557106577872,-10.2167797452394,2.18169265487153,-3.3406014961507,-15.2895443800282,1.98161110009182,-4.4955575112545,-14.686171676895,2.37532316953742,-5.66196813683303,-16.6840415468824,2.64059119928974,-5.70957426192856,-22.2105012007316,1.97043905641008,-4.27951630881812,-8.86517269479634,4.15927678944911,-10.3457360532725,-21.5445465964981,1.79947194849695,-5.2479473304133,-12.3461169309874,1.59621811760971,-6.38144487312551,-17.3511602341493,2.75149942895604,-7.03899924388266,-17.4036546111206,4.05907122004927,-5.2479473304133,-12.3461169309874,6.14721707959337,2.04441135166508,2.67970992184225
2026-08-04,4.29348935509254,-6.05102843753002,-12.5442076177732,5.29285467314666,-2.28701660788436,-14.9199939886723,8.14489801788217,-10.9212879879366,-24.1829395713439,7.45615743813866,8.02285244254564,-3.6529466685318,2.31592110774785,5.01655101089231,-5.1661040393255,2.02146628637088,-1.00113026918315,-10.5365566272439,2.46875421083251,2.58925471082033,-6.98597064247233,2.84877455292882,2.8311245154105,-11.5218163991035,1.97233203932373,-2.67477667453798,-7.19031949507213,4.18585548721091,-7.53958150083724,-18.5698329990631,1.8156241113018,-5.28182603579942,-12.4669056092041,1.6375461771854,-0.685352950874024,-10.7101384792474,2.91130021283265,1.33229414663219,-7.75155242196816,4.28412056973384,-5.28182603579942,-12.4669056092041,6.31673272269115,5.20047237875863,6.1097906810852
2026-08-05,4.33838527909005,-2.04020805149335,-8.18177477251937,5.54079499945606,6.3763397598411,-4.2587519796371,8.29571443237365,-5.43991930684388,-17.9544730371306,7.89913561380912,10.4350086322989,0.291379624080926,2.40326380932252,5.19933310443167,-4.18686342969499,2.08325613360183,3.94687313257685,-4.48372394223934,2.53368660784472,5.32849128121494,-3.22962452686702,3.00175497537583,7.62493501101502,-4.89877446382463,1.98100837273888,-1.36565831856536,-5.73944010416374,4.25129723104569,-4.42775186592938,-15.0388781693213,1.84522461155211,0.173741261206972,-6.35989269916877,1.67808345473742,0.531135379338253,-8.94591492688182,3.11835101303529,7.53817605481565,-0.103553927773239,4.5410886854704,0.173741261206972,-6.35989269916877,6.41740051997397,4.80562372267989,5.97582130452583
2026-08-06,4.27531217493959,-6.81165855784291,-13.4515378927248,5.61591808068323,1.61054233864835,-9.00939674154448,8.09902827780308,-13.5121022874662,-27.4552533924081,8.09159863766688,8.39693292309472,-0.954563502075674,2.49470774902012,6.09856206709682,-2.39532016427036,2.11484398607687,2.57745669762935,-5.45553509910864,2.6184137721845,4.83530845815164,-3.08642304284532,3.16050800375768,7.29360477032384,-4.23051559659476,1.98991442440767,-0.555846243425806,-4.76137858291199,4.26795141001164,-5.68024594918783,-16.4076187350373,1.85789613149299,-1.76821047910066,-8.28893103703585,1.70237457215773,1.07004214539191,-7.90946028319336,3.24681183752419,6.34941768351511,-0.640806760989513,4.77884594535236,-1.76821047910066,-8.28893103703585,6.61102435718169,9.04411585276469,10.6671272758869
2026-08-07,4.23626355884408,-6.35555544482823,-13.1412961449299,5.65176269225902,1.72547940017071,-8.34039524866987,7.84248324148685,-15.0243327386009,-29.7161067436274,8.17150460968692,6.0006074775733,-2.78569561320676,2.59102878114252,6.90791826811083,-0.691601002561353,2.12549672713031,2.21775887847355,-5.37289279318136,2.71281073321087,5.5369944597637,-1.62849909301325,3.19647741129367,6.20082440882739,-4.5399755766954,2.012631625169,-1.23704947204094,-5.38686150304107,4.25208054573169,-9.20964718297458,-20.5253542292439,1.85928166456093,-0.979470694083391,-7.26291616525748,1.76230839893439,5.95105613639671,-1.82753619063778,3.46886824014154,9.03358526255585,3.13752945189457,4.88959331019061,-0.979470694083391,-7.26291616525748,6.78022046752951,8.56816766292454,10.6507654704326
2026-08-10,4.20423090810414,-5.20744102695842,-12.0127384895605,5.74684631285446,5.04368451404928,-3.93635807144023,7.66801702732344,-10.8812044002445,-25.302710907557,8.43653711636437,8.85959107836675,1.30693763183681,2.73024548122456,13.1514486048554,7.26256006735561,2.17262096705029,5.38801757314301,-1.29258693186155,2.82423436995696,9.85364970066714,3.96948158716137,3.3558222842099,7.93500560620846,-1.6105698784876,2.01177705004242,-0.791913882066014,-4.81377506960024,4.34524477822677,-4.48086615255237,-15.2064724007693,1.87982242797471,0.48234235459214,-5.43439746758838,1.83301879411372,8.265887146357,1.5572456225878,3.67434409576351,10.8858180386596,6.08172861267486,5.02779365751356,0.48234235459214,-5.43439746758838,6.90844616373933,7.79770457981835,10.280360057797
2026-08-11,4.23987808770205,-3.62117564302281,-10.3089263291764,5.75803143714071,2.72381335946749,-5.920149168827,7.56029669276262,-7.57347832050368,-21.5846617926604,8.57087308241652,7.8074118137711,1.01603206819638,2.77484060689802,9.94687037736691,4.76426599862062,2.16081292144184,1.68395989518986,-4.86965351876114,2.85090614377546,3.05063548105407,-2.82039108102711,3.42930253790056,6.32456513676934,-2.54916797888686,1.99130567091722,-0.4727352242858,-4.35581903656695,4.3700061354314,-3.2941106946693,-13.7202243756513,1.88566944036983,-0.669649959014176,-6.46565654269314,1.8500879804753,4.52516334899707,-1.86956576264641,3.75867626679084,8.88871870823717,4.76843218128974,5.15003519581746,-0.669649959014176,-6.46565654269314,6.98467298762577,8.54392332591756,11.4156837228709
2026-08-12,4.35964671425427,-0.346964154917778,-6.59316683846841,5.81769214277558,5.60853462269786,-2.05248416224716,7.62421263951568,-1.52864447263509,-14.3487095225825,8.70883310366974,7.89866788339409,1.92800329003755,2.77992695340399,6.56259039436771,1.84064539112402,2.16174582179743,1.04182037218316,-5.22438167774472,2.91982469186512,5.80423048593221,0.718595408268643,3.51977227837098,7.12183235935859,-0.822138794656747,1.97531671278974,-0.0780824246722396,-3.79937401154383,4.42801163037384,-2.41139605629933,-12.5169671814163,1.89976832747819,1.47814945305244,-3.87162032708225,1.89700598370305,5.71167203924235,0.0364242212947605,3.73113359390498,7.64754313975027,4.14341730425908,5.28447805967011,1.47814945305244,-3.87162032708225,7.10646100104863,10.5402938339755,13.8583846679352
2026-08-13,4.51449546540908,2.73504947056915,-2.89531338561585,5.90966990264288,5.15551380592916,-1.8788540007842,7.81973372357422,2.81249793835941,-8.76809279857829,8.96416559928418,7.97214238730686,2.78609674864391,2.78331785107464,5.41649536487857,1.18714724408202,2.16717044487394,0.68973458222848,-5.3050293090994,2.99133907336355,7.77603367888992,3.51606581568548,3.58008543868459,7.25793090027615,0.148862251826876,1.97285220952548,-0.55542977978601,-4.18432261254324,4.53100374171813,-2.04092176659319,-11.8618131137534,1.92329187933574,3.52262788832991,-1.27322019046845,1.93033495323233,5.55449238434244,0.470457241098863,3.81807527742239,9.35709345411775,6.66799919065979,5.43328437643567,3.52262788832991,-1.27322019046845,7.20308129930849,7.80882059171499,11.5483548294198
2026-08-14,4.65672952624136,4.55382435935896,-0.445955079654064,5.89980119634283,4.41926953548711,-2.08491701478636,8.03942205171367,4.94674457875568,-5.56945433836751,9.36430013814815,10.0038393261712,5.80761771697386,2.75664884489301,4.68288916775488,0.899020340979255,2.21160972106034,3.3680558967982,-2.00717513908619,3.01697335978895,6.56448595851514,2.85494334368916,3.72509312930486,7.37206942642221,1.06382026313022,1.97277012204532,1.76665916096052,-1.52357114408552,4.58306597989191,-0.600814159059624,-9.94645554909712,1.9931173734178,8.17121332638897,4.33249227459122,1.99219341332675,7.97636835916888,3.75428228766574,3.88082292092375,8.64553389409056,6.60287933159984,5.49199855439011,8.17121332638897,4.33249227459122,7.21195298996111,6.66260349773022,10.6853727652453

