"date","대우건설_ema5","건설_idx_ema5diffn","건설_idx_ema20diffn","에스피지_ema5","로봇2_idx_ema5diffn","로봇2_idx_ema20diffn","NAVER_ema5","SW_idx_ema5diffn","SW_idx_ema20diffn","대한광통신_ema5","optic_idx_ema5diffn","optic_idx_ema20diffn","로보티즈_ema5","로봇_idx_ema5diffn","로봇_idx_ema20diffn","OCI홀딩스_ema5","태양광_idx_ema5diffn","태양광_idx_ema20diffn","삼성SDI_ema5","이차전지_idx_ema5diffn","이차전지_idx_ema20diffn","가온전선_ema5","전선_idx_ema5diffn","전선_idx_ema20diffn","스피어_ema5","스페이스1_idx_ema5diffn","스페이스1_idx_ema20diffn","비에이치아이_ema5","원전_idx_ema5diffn","원전_idx_ema20diffn","한화에어로스페이스_ema5","방산_idx_ema5diffn","방산_idx_ema20diffn","현대차_ema5","자동차_idx_ema5diffn","자동차_idx_ema20diffn","프로텍_ema5","반도체장비_idx_ema5diffn","반도체장비_idx_ema20diffn","미래에셋증권_ema5","증권_idx_ema5diffn","증권_idx_ema20diffn","휴스틸_ema5","강관_idx_ema5diffn","강관_idx_ema20diffn","한솔케미칼_ema5","반도체소재_idx_ema5diffn","반도체소재_idx_ema20diffn","HJ중공업_ema5","조선_idx_ema5diffn","조선_idx_ema20diffn","브이엠_ema5","전공정_idx_ema5diffn","전공정_idx_ema20diffn","LS.ELECTRIC_ema5","인프라_idx_ema5diffn","인프라_idx_ema20diffn","SK_ema5","지주_idx_ema5diffn","지주_idx_ema20diffn","삼성전자_ema5","mem_idx_ema5diffn","mem_idx_ema20diffn","두산테스나_ema5","후공정_idx_ema5diffn","후공정_idx_ema20diffn","삼성전기_ema5","전자부품_idx_ema5diffn","전자부품_idx_ema20diffn"
2026-03-31,1,NA,NA,1,NA,NA,1,NA,NA,1,NA,NA,1,NA,NA,1,NA,NA,1,NA,NA,1,NA,NA,1,NA,NA,1,NA,NA,1,NA,NA,1,NA,NA,1,NA,NA,1,NA,NA,1,NA,NA,1,NA,NA,1,NA,NA,1,NA,NA,1,NA,NA,1,NA,NA,1,NA,NA,1,NA,NA,1,NA,NA
2026-04-01,1.06592078295766,NA,NA,1.00885243479115,NA,NA,1.00389204724569,NA,NA,1.05187706636059,NA,NA,1.02835421295651,NA,NA,1.01448280722518,NA,NA,1.0231270522279,NA,NA,0.999481284606849,NA,NA,1.01887355353053,NA,NA,1.01082817612935,NA,NA,1.00435758663528,NA,NA,1.00952579861156,NA,NA,1.01366862350351,NA,NA,1.01623331450366,NA,NA,1.0016560648991,NA,NA,1.02377995230566,NA,NA,1.00154787594804,NA,NA,0.994016181862429,NA,NA,1.00744643945906,NA,NA,0.999888809750851,NA,NA,1.02343496601094,NA,NA,1.00762197507742,NA,NA,1.0090954008543,NA,NA
2026-04-02,1.0494748605619,NA,NA,1.00280665874008,NA,NA,0.982937039497306,NA,NA,1.1155265364369,NA,NA,1.02900363140759,NA,NA,1.04385954578497,NA,NA,1.04762162464181,NA,NA,0.98699826887161,NA,NA,1.01031634338001,NA,NA,0.98902129074282,NA,NA,1.02908189241415,NA,NA,1.00040371378278,NA,NA,0.999894992108418,NA,NA,1.00081178184266,NA,NA,1.02605824300465,NA,NA,1.01903056428667,NA,NA,0.985730424226285,NA,NA,0.982551439976581,NA,NA,0.997388954034112,NA,NA,0.984339970390957,NA,NA,1.01789485265314,NA,NA,0.993816554595109,NA,NA,0.994335632452964,NA,NA
2026-04-03,1.04613734611466,4.6682983665854,NA,0.992649269964925,-3.9957984975255,NA,0.971690469709318,-0.433501602421571,NA,1.26521257145038,13.082907500961,NA,1.01861975322737,1.0723240923947,NA,1.10736927240396,11.2017591685607,NA,1.06023821056815,2.64873893067374,NA,0.990813463854589,2.43552651351752,NA,0.999595365284314,-0.553676323594883,NA,0.978975435046396,0.78100430283157,NA,1.05368355289508,9.3418714694244,NA,0.99819047820605,-0.222464198604771,NA,0.991331112990897,-3.45051561125296,NA,0.998403882767696,-0.625989440246974,NA,1.06751353454111,11.4758149920606,NA,1.00962106634792,-2.74671868602279,NA,0.999055395857415,4.41450149076419,NA,0.981203461703884,0.912110775529403,NA,0.994975900435857,-0.0515675182537501,NA,0.978616491242499,0.604278402996966,NA,1.02887475107663,2.65220153141538,NA,0.976329284273305,0.506981518471313,NA,1.01457398647666,4.21843106329286,NA
2026-04-06,1.05421832812723,6.49191930121727,NA,0.978831775329206,-5.4921062052121,NA,0.96307134195008,-0.560203905133226,NA,1.39979909990143,11.3713597408051,NA,1.00561270437836,-0.211344056777965,NA,1.12640182299912,4.91371109044269,NA,1.08102636457326,3.80529234664003,NA,0.982816718286624,0.375736965591569,NA,0.976682936663709,-2.71814450413995,NA,0.969168304757652,0.118722847691166,NA,1.07033837206866,3.68395865736436,NA,0.995308386254609,-0.679656213636114,NA,0.979436442120449,-3.51784055849685,NA,0.99732349156432,0.458308588259033,NA,1.06555546752608,7.58274142610706,NA,1.00459671557397,0.204773149346554,NA,0.994599626470315,0.883037636285384,NA,0.968501341426084,0.250203794817454,NA,1.00624300809215,2.27658491812449,NA,0.976348309729573,0.939733206735151,NA,1.0491749167651,3.34727234997246,NA,0.959700910058612,1.11983894227895,NA,1.03269363781932,4.24543995136242,NA
2026-04-07,1.06043012880047,5.33178684575532,NA,0.970845486520283,-4.63691557984685,NA,0.955883438047938,0.247928192705937,NA,1.45063398570806,2.72602071110987,NA,0.985448463176347,-1.50023308900074,NA,1.10914931610727,0.0338258287372297,NA,1.09736055325417,3.2884723071213,NA,0.977804949399724,-0.983853349238301,NA,0.941343298935245,-4.4386343677074,NA,0.956410431582898,-0.257875024119429,NA,1.10351454505937,3.39677003149764,NA,0.996200194754222,-0.559359610699851,NA,0.975836454227955,-1.87748347309986,NA,0.987680358369833,-0.698074573423355,NA,1.05606425835625,1.89208360028605,NA,0.995003909131913,0.266725374113465,NA,0.988820885375507,0.519650246210847,NA,0.955311874002484,0.784581899219138,NA,1.0090332828428,0.310780953934488,NA,0.973288717468243,0.147483022481644,NA,1.06910441759813,2.81768821755835,NA,0.945301864582045,0.453798032515648,NA,1.04091722594204,1.08062340252824,NA
2026-04-08,1.17175364234755,14.7076600915236,NA,0.995849307449509,3.11324837822928,NA,0.960062818651146,2.90159872715557,NA,1.5684432846453,5.10784111405582,NA,1.00310400417438,5.95421397178896,NA,1.09298619141587,1.45759801228565,NA,1.12062710909566,6.04419679860268,NA,0.992350172297521,4.77650345169621,NA,0.953613335654471,2.4087178045236,NA,0.964836823325503,6.34575962659841,NA,1.11218524784581,1.43521481086124,NA,1.02141026117565,4.69527117484124,NA,0.99261125848847,3.53946287808162,NA,1.01379384339617,6.36931979288271,NA,1.05855229605617,3.08094371486739,NA,1.00359247905982,3.40272179929877,NA,1.02287947160831,4.22644689205207,NA,0.979175157452353,6.88044017168156,NA,1.0108934660099,5.30641670862047,NA,1.00168259059738,6.17227696489306,NA,1.10872745694855,7.72000339976027,NA,0.931726345730876,3.44483890307412,NA,1.09036006362903,5.85024434963889,NA
2026-04-09,1.2624589046761,9.65984343775096,NA,0.994750594319766,-1.22716720907361,NA,0.962849072386618,2.12882020272985,NA,1.62610531420489,7.15694734262729,NA,1.00540964400225,3.42328257195128,NA,1.08723080172588,0.184303100038938,NA,1.14315183446514,6.63416793784478,NA,0.9924649856058,0.774485247178677,NA,0.935279311682353,-2.86692419570901,NA,0.962852456768185,2.89234203192956,NA,1.10959321422212,5.28648994406319,NA,1.02520590762895,1.24399650598652,NA,0.991423625077946,2.29256335991522,NA,1.03120283341373,3.1703120419684,NA,1.06965617765589,5.58500648019078,NA,1.00307495308568,2.10845242435635,NA,1.03716051125328,1.25941577207613,NA,0.993116768402933,5.46902358247497,NA,1.01213358812129,2.48035234154556,NA,1.01803272059561,4.45413666346174,NA,1.12291506040826,3.23681724823143,NA,0.906771379029594,1.67490127120193,NA,1.12486442719597,3.56694886989384,NA
2026-04-10,1.34251046368553,7.86012745506446,NA,0.992180057477604,-1.18325924072909,NA,0.965507585282108,1.471145856672,NA,1.81150791431169,14.3259929101369,NA,1.00221437680208,2.59102903141359,NA,1.07676026846143,0.849404207337929,NA,1.15899345782619,6.95619256522023,NA,1.00052653318505,2.32783546524404,NA,0.906216625287985,-3.66938167270083,NA,0.95634639046698,0.997373486478654,NA,1.12207307423927,6.42625234854349,NA,1.02773633859781,0.332921003604701,NA,1.0030027057218,5.31855567222299,NA,1.03651032859955,2.96882334017964,NA,1.06383549966935,4.64555934164363,NA,1.01459209036248,3.16854836331758,NA,1.05510588886016,1.67189492070673,NA,1.02405086721265,7.17993700862625,NA,1.01296033619556,3.70758383439542,NA,1.04389169603733,3.78897867092761,NA,1.13613584920927,3.05498805243488,NA,0.896761659895615,3.26032540569594,NA,1.18565789474329,9.13558255065942,NA
2026-04-13,1.38454157888334,3.78272727909516,NA,0.981888746278604,-2.7008590867752,NA,0.96247386478138,0.409641271313846,NA,2.02107583680839,11.6918009818385,NA,0.987915271877577,0.782441331956432,NA,1.06493917285123,-1.16085265537265,NA,1.16666655083202,5.65468856224567,NA,0.993763692764748,0.555062818234634,NA,0.895082353922193,0.528846517658614,NA,0.952009012932844,0.272042672167962,NA,1.13622836120232,4.6401348448372,NA,1.02168698395881,-1.18683140491503,NA,1.03608230713198,6.6419969585697,NA,1.0337501605642,2.25569259506269,NA,1.05995504767831,5.23455719677059,NA,1.00104316839831,2.70185012538424,NA,1.06847358801644,1.35835079411871,NA,1.04585394656207,7.05958090643315,NA,1.05986441777687,6.37797223996878,NA,1.05648859924033,1.19887861623468,NA,1.13554374217361,1.74025472840637,NA,0.888431782472911,2.72174529069912,NA,1.2285005807716,6.65530141723582,NA
2026-04-14,1.40740932652652,4.32426762962772,NA,0.99218311208772,6.04198948862593,NA,0.964456436473441,1.72670592846183,NA,2.17224994368514,13.7711433244946,NA,0.993255668005869,2.30179666026274,NA,1.04719767557293,-0.912523422126203,NA,1.1660059676995,1.69629045620509,NA,1.00107294313261,1.62928112354744,NA,0.934954836015426,8.52848625547213,NA,0.949808515278486,0.927176913102766,NA,1.14388923387357,3.36508171459054,NA,1.02679699105134,1.57013838767391,NA,1.0785472545527,5.64116446242011,NA,1.06917616264938,5.03855550618363,NA,1.03847770008472,0.145538869156645,NA,0.998878116940898,5.21095601505468,NA,1.1012553268996,3.40009039696377,NA,1.06432382216035,6.18484485210012,NA,1.10486800288987,6.19618141024038,NA,1.0772663047307,2.75747306222421,NA,1.14549556700981,3.03626471942616,NA,0.916344503792163,6.60128628843672,NA,1.2694021456621,7.01548042237024,NA
2026-04-15,1.5257144080626,7.89787701957537,NA,1.00915536044997,4.67221773370136,NA,0.980997348633155,5.34915153290682,NA,2.25870498342095,8.1877594296775,NA,1.01709747674316,3.03119082982417,NA,1.1194554591341,4.27376559568876,NA,1.16597814883518,-0.557917718917153,NA,1.07621371620259,12.2570220337774,NA,0.95007095627869,6.307030973777,NA,0.956980108947234,2.48414987565176,NA,1.14544451171284,2.09160539155212,NA,1.04180812537373,2.71836894378717,NA,1.11551680487545,4.64324031659995,NA,1.07862187651458,2.20093817355432,NA,1.01723299583581,-1.69673817015702,NA,1.01678879100683,4.55338309450277,NA,1.12381187653089,2.22360644448801,NA,1.10299815130693,7.82524390709816,NA,1.13744555497624,4.88407645570713,NA,1.09937128840542,3.01413600578272,NA,1.16059548651331,3.45860457394989,NA,0.932302214538248,5.40841814357238,NA,1.3198069322234,5.49260711352203,NA
2026-04-16,1.6066456607488,3.65093089736708,NA,1.02200191054341,6.65436460799365,NA,1.00403977948394,5.07831775883619,NA,2.12066625569219,-7.61872165506299,NA,1.04516094269242,3.31590382973748,NA,1.28416365059569,8.69717187327645,NA,1.17214815128607,-0.363778657676028,NA,1.17262053320173,11.5777001087791,NA,0.964089647260068,2.76161100061822,NA,0.974546287708446,4.1839630627151,NA,1.14901848546871,1.06867095205913,NA,1.07010136862571,4.30152698090367,NA,1.12964796094405,3.14790869331921,NA,1.09331701663701,1.67039924114537,NA,1.00306985966987,-2.48084824882346,NA,1.03372383179166,5.62972218032598,NA,1.13533929107249,2.42970487304276,NA,1.13035483315079,6.41367271477696,NA,1.16302666605035,3.42226686747823,NA,1.11565541544128,2.65115555803489,NA,1.18288985562288,3.92332556699317,NA,0.95453780770267,9.5987734969148,NA,1.37269102045951,6.68053373889613,NA
2026-04-17,1.66266102753507,1.80009280900618,NA,1.03240433869471,4.32396452771399,NA,1.01619735843042,2.7296291755199,NA,2.05156475429759,1.97769418791512,NA,1.0658980744571,2.83933770059897,NA,1.33570094369301,2.98560064885277,NA,1.20472880871134,2.90904875600967,NA,1.25062594659081,6.50171717486888,NA,0.972718845343555,5.97979730131347,NA,0.990749141443848,1.8499746636338,NA,1.12704476475425,2.35525878736734,NA,1.09177673392761,3.05037815675083,NA,1.1669031132209,2.14285543626646,NA,1.09838990309921,0.553570345269495,NA,0.994257448212566,-1.81910976660959,NA,1.0487598025372,4.10129941240378,NA,1.15776743199311,5.21651302614644,NA,1.18715061682697,5.23104705182139,NA,1.17557420658046,2.78144267038144,NA,1.12393238137733,1.2506324549514,NA,1.19493097849169,1.78749115404746,NA,1.00680366461347,8.59223373264164,NA,1.43879651479599,6.76977646198644,NA
2026-04-20,1.68763741541972,-0.0164697165264603,NA,1.04515981863296,4.02522848531191,NA,1.01949634863035,0.667286207173284,NA,1.98953193729836,4.09723163290765,NA,1.09730016766509,1.68986910726503,NA,1.37991990596273,2.07756681155944,NA,1.24707774152965,4.11529974087268,NA,1.31540557309796,5.66927643828231,NA,0.963781428031884,1.78602406023528,NA,1.00189658761832,0.997121464816619,NA,1.11290304198388,4.83328368864451,NA,1.09849066884397,1.02122867401078,NA,1.19173988140547,1.09642954957085,NA,1.09442357955492,0.0738084220040531,NA,0.983974752001128,-0.969191825148051,NA,1.05753513518234,2.49446931636513,NA,1.15306192874968,2.36047550061423,NA,1.22422757473802,7.58962216441849,NA,1.17900350641274,2.30126373574142,NA,1.1382193624334,1.44580954892407,NA,1.20013660386667,1.52784351573296,NA,1.04164756922066,6.95784340432237,NA,1.48363808024145,3.58738446093593,NA
2026-04-21,1.80219526129475,6.23186991985164,NA,1.0545825026363,2.3027591835734,NA,1.02249668583548,1.29574993287761,NA,1.96905422903078,2.35399771054548,NA,1.11958699944719,0.795294476051317,NA,1.45511731509224,4.83246476821791,NA,1.36360032001745,7.86613234132628,NA,1.37328437730095,4.95491546432686,NA,0.959614639584347,0.981079307526879,NA,1.0058727815593,1.30034783592448,NA,1.09484901246935,1.13743683120463,NA,1.11632934034093,3.95839092592765,NA,1.25283273736497,2.57634874256906,NA,1.09072961416552,0.745058375543952,NA,0.976489941873517,-1.23391802612423,NA,1.06463400479766,2.07593263984584,NA,1.1618598963102,5.61306839434254,NA,1.24579795518645,8.80374705123669,NA,1.18236269047219,1.23937386785533,NA,1.15754466773797,1.65734363406251,NA,1.21207239039602,3.93607220838793,NA,1.05228568082507,3.44280681958059,NA,1.58448615888361,6.66707180191345,NA
2026-04-22,1.87238356355833,2.77258566943788,NA,1.05871988697913,-0.219166966606261,NA,1.02449691063891,0.662529063414609,NA,1.93575300886942,-1.17187923290822,NA,1.1195717545573,0.620830191488268,NA,1.53303835508919,8.57561139833766,NA,1.45283399594879,9.56115766198636,NA,1.49044258645984,6.11284098087464,NA,0.958628270379566,3.95239562024979,NA,1.00990575225675,0.485270064150551,NA,1.08915579745056,4.8614101831223,NA,1.12470528408818,2.67764721490391,NA,1.29541693344227,3.64329354260256,NA,1.08984159511239,-0.138995324080956,NA,0.97150006845511,-0.894139205327312,NA,1.0693665845412,1.76859496451747,NA,1.20984863056833,8.14091124733353,NA,1.25939131094567,7.36966087381432,NA,1.20498884576577,2.5759440225358,NA,1.16526996709864,1.19014032021524,NA,1.21720779154469,2.62998133327849,NA,1.11537527429643,3.70502698258276,NA,1.68256764682411,9.50105660965719,NA
2026-04-23,1.93360415336907,2.04705995106678,NA,1.05443224108874,-1.2273549510896,NA,1.03143746667742,0.229950947353378,NA,1.87670954296045,-6.37891811730007,NA,1.10739266450632,-0.687544082996777,NA,1.59932864871843,7.45746594644234,NA,1.48839405957599,3.34421565458562,NA,1.65957702167867,10.4417939011075,NA,0.942205581019569,2.07435696339704,NA,1.02365179728277,3.18978162454221,NA,1.08764373044809,1.275046131326,NA,1.12395953953506,0.169367837903,NA,1.32071368843109,1.73610330354095,NA,1.08190133455788,-0.571546142458735,NA,0.964395410256257,-2.04494350313017,NA,1.07252163770356,3.17561476593142,NA,1.26500900247687,6.45650073724553,NA,1.28891289281822,4.49480002154728,NA,1.26900102750431,5.04375541177394,NA,1.18589487919954,2.81513331661791,NA,1.23379974504134,2.36152172496187,NA,1.16008577341076,1.61720406079363,NA,1.71864834171434,2.49770941053518,NA
2026-04-24,1.9651424874299,1.66207624031455,16.1317019597224,1.06719733258499,0.801794512921269,7.12345876919164,1.03045743120019,-0.822392281388928,4.80099241168063,1.79804840305519,-6.10346608285098,3.39134442376869,1.133751897047,1.48938554151801,7.46305411025112,1.754679913447,10.5240694035306,26.0385249426411,1.5211773062561,4.17905337293927,19.3308692381842,1.74997531474434,8.64139298994623,28.8329719848199,0.93340690915853,6.88241633688827,17.1193487305963,1.02210397308993,2.60125797202865,9.60579293917005,1.09627674885927,-0.153644400754295,9.65909157456335,1.11009966161359,-1.85785833648399,3.89472833394901,1.3623198642587,6.28536552638233,17.6253911538676,1.07240882874872,-0.390113045449499,3.97426931213954,0.979179030376581,2.23172127667113,3.71442242091731,1.08086824573789,2.79879900275593,13.6137910949387,1.293357899239,7.97779679205666,22.7741598057194,1.29836427505005,3.50751268904617,23.5241472897805,1.33206251458396,7.314043203883,20.4127459486671,1.20170811560376,3.15910708666444,11.477157000677,1.2354550811361,3.65357484025066,14.1394078626108,1.17895834601997,3.99333258312819,19.5607775398002,1.75349944073716,4.73401951336022,23.579484159241
2026-04-27,1.99441283678571,1.78007756708649,15.3731869597005,1.11859549343694,3.87285390158531,10.6868937978112,1.03140609502573,-0.733805875780242,4.10598959631131,1.85449814930176,0.365768652539451,8.5483621261034,1.22636643395232,6.03236620934656,13.1767997925567,1.84569735633868,6.24871461127735,22.6978540012474,1.53808196535449,2.58407815215883,17.2590890612131,1.87092680344708,10.3687425273881,30.9583304774083,0.920016870924815,4.33558860361083,15.1837003038232,1.02176317766311,1.63955356471573,8.57177960187241,1.09974868479,-1.60720171741253,6.89707472260878,1.10859605161752,0.82846877072337,6.17063960890825,1.3894387729979,2.95624267469441,14.4747173265584,1.07552823878145,0.459495715055896,4.52987300082691,1.01485162924288,3.03034263413406,5.42235151609297,1.09891912961295,1.53645190222853,11.9199194645333,1.2975139658542,7.26657573034993,22.823871148468,1.30545209441101,3.5027763108962,22.5362342228176,1.43633658790351,10.0777055374238,24.5304316934132,1.22617751448099,2.85492830448699,11.3131056871454,1.24596460476895,5.61963512953345,16.6435517315856,1.19187140735945,1.47582957085778,16.348820409433,1.78136092207923,3.07818000869869,21.2490842692721
2026-04-28,2.09534373701102,4.7517029090928,18.0776872587437,1.15960049255346,3.20176985417372,10.4507103219328,1.03924763122267,0.000543543922878279,4.34766651586721,1.85406057258247,-3.66730885696126,2.86216301669618,1.259039244555,4.01474305473249,11.9132964042016,1.88934341791266,4.11927836794192,20.4840838391151,1.58648302824938,4.45778442516874,18.7680737574807,1.9403821307088,8.00234925223839,29.1492381955988,0.897833154543204,4.57677249877563,15.7667639771409,1.0177350001857,0.353318807878729,6.82227088112492,1.08709428975198,-2.18671528018369,4.85334080420726,1.12939596924125,3.82405268755457,9.78399280066479,1.40628096186561,2.65436050993339,13.9137172601504,1.07655809577673,-0.240702140739845,3.38641314736379,1.10097161449901,9.17233701764296,14.3729357538754,1.1015881933072,0.151545676414374,9.72514154938006,1.29045587833574,1.92955532378725,17.3579762965729,1.31804628604898,2.55869058676865,20.6334263757285,1.51872844683834,6.19775781467206,21.6010998757141,1.24455374206943,1.44952490895946,9.67346678193796,1.24826797073934,2.60949337760607,13.6956994753366,1.22466839238653,1.75291211216737,15.6779163839374,1.8346408579254,3.15433424530803,20.4407798758291
2026-04-29,2.15747800800585,2.36663574186491,15.420827157378,1.1716199801117,0.51110301467594,7.41719625778961,1.04527633242581,-0.564553820795936,3.20025942915071,1.8529501291592,-2.51660396746102,2.49835787217989,1.28352532424369,2.42909894813628,10.4705732588418,1.92561225911095,3.97117058053937,19.9119483441562,1.64515487651718,3.90790467553955,18.0607166350552,1.98668568221662,13.9611879231242,35.3891913533245,0.889493373425672,-1.09605060963963,9.29680452245486,1.02368814063907,1.0680213612848,7.22897436623088,1.08500083105085,-0.321330492231968,5.82722338701656,1.14396588177389,2.27916647404623,8.50820551761325,1.43977659302898,4.62547954126907,16.0161758585866,1.07304566833411,-2.06915037097485,0.567272626307799,1.18231275216255,7.06042135111031,14.2138296170013,1.10274324517742,-0.636882016416963,7.89350550106816,1.28785665778432,3.39902602282897,18.1209479729945,1.33037690317296,2.40804930795855,19.444612588955,1.59833498873389,5.74661473636686,21.3754692171128,1.26815268298162,2.3593480277786,10.4849214561809,1.25732832104201,1.83874081667811,12.5105045626044,1.25349132067148,0.612071101795331,13.5365334240352,1.86090598450246,3.4962498253967,20.0474962872996
2026-04-30,2.15973808708831,-1.58988724306723,10.2280269380719,1.17197438255747,0.142110081857125,6.4599456587892,1.03487727926806,-1.9167886216193,0.883167803277014,1.8554847359853,-1.04210354566841,3.08086376347527,1.28362414164807,1.35567852076114,9.14496654003049,1.94351645311279,5.1675123138095,20.8679264585816,1.67024206574538,-0.502683443378733,12.7439457129594,2.09580770633591,13.6772602857733,36.4722573729389,0.895399053812876,-4.06503486559723,4.35142177129839,1.01936385252054,-1.03052595257937,4.32289643201149,1.08284405535787,-0.474873419796065,4.94018669227886,1.13609663720872,-1.57936133140115,3.76045172446082,1.46829243193,2.87580910625793,14.2424403157761,1.05548267948756,-4.30338088844249,-3.35246946894378,1.21764979767201,1.86468029601919,9.29966377039823,1.09102680123872,-2.97797711652999,3.9701632421577,1.26576418985033,1.14296460994083,15.103278746337,1.30712139966628,-0.19997388930699,15.5703534413017,1.66213585837686,6.46294380309936,22.3192601536424,1.28388531025641,1.87805237568903,9.86603051185476,1.25302199171715,-0.15074584912379,9.65392678084839,1.26873045099465,1.93265053287833,14.0473765312143,1.88227224832621,0.550662299610169,16.1366208249927
2026-05-04,2.10250065410545,-4.32439077989606,5.33896308087699,1.17711214798087,3.98594772842804,10.7915224886064,1.0247405355422,-0.964411990092271,1.21276227156854,1.96156198919556,6.87181912346826,12.6373273640558,1.27963371098731,2.06884570180042,9.73031707199393,1.93304174864848,0.529326610289463,15.5786265773113,1.6952182563781,0.667477582720738,12.711566304863,2.31867362581298,15.3599609828043,39.2327944835762,0.893961704790282,-1.89005197523744,4.95981752643383,1.02235523640624,-0.862816478388102,3.68524957348026,1.09358438983839,2.02346177518476,7.47430950162398,1.13647688043309,-0.524390887762442,4.0818805731259,1.48792153300988,4.17016553067852,15.5857698705054,1.07264213681964,2.33821613203857,3.9692149992987,1.2298736002519,-0.509183832115732,6.21602760150726,1.08508881039074,-0.961257982523996,4.88807585664755,1.24822764972427,1.14665092648229,14.1132059134214,1.31129017748849,1.63212779119226,16.1063254335598,1.73900526495252,11.3097353943805,28.0844317732788,1.34647192728094,4.77871526219173,13.3229786427752,1.27272542446779,5.11978929987441,15.1255961616834,1.28352871894357,3.99174820801142,15.9250928061909,1.96284271056038,4.46946827426529,19.2947371802199
2026-05-06,2.06537296461462,-3.45348678171666,4.12788420497387,1.17655485851474,0.164449043156333,6.62040697784721,1.01638068558127,-1.04619410588644,0.561790718418719,2.05561383789884,4.8992240718722,11.8386399000419,1.27224106346138,2.76874404399227,10.5418588614338,1.89378701166856,-2.07279321245496,11.3010147629283,1.70609307166351,0.360712182792931,11.4004380413133,2.71797975080727,16.1689357047543,41.2732747343938,0.89909453729338,-0.821486062814052,5.04261470958234,1.02296731759324,-0.647896288331315,3.24007711555936,1.09262582286373,-0.481199800826332,4.41684720574278,1.14446668453425,-0.395957881727399,3.63309079205801,1.49296655683341,4.21005515930324,15.8108740732328,1.15493987933232,8.78676847870773,13.2367444925781,1.23109632945198,0.919544958742744,7.21834119570162,1.08924636086268,-0.119150591830142,5.0895307630529,1.22319753916571,-2.47064294881902,8.95452466975167,1.3211514435609,4.35005715978949,18.3479527464607,1.83638985536716,9.15357576943394,27.1855866265461,1.43410465246111,6.44416539268558,16.0793835121473,1.348881020085,9.04792221235511,20.5257502328482,1.31957058597702,5.43485499636675,17.7048274790227,2.01192893672296,3.94711171839566,18.5663716858778
2026-05-07,2.06123315490885,4.32295355772982,12.0672817993438,1.1648486200996,0.382681270446113,6.33649496377531,1.01000644186881,-0.87003914000469,0.277803090301215,2.26282014060357,10.3314853665705,19.6001442339345,1.25649580796316,0.0147642086060095,7.25151902239895,1.85058495332814,-4.22048089634251,6.87706809024964,1.71004238939488,1.46279228486858,11.789744983596,2.9841838341368,8.28946972300328,34.9753439014666,0.889975997307074,-2.83571621534473,1.63775268346771,1.0285585269809,1.82807100877655,5.88016157887427,1.06255616460287,-4.67880636320153,-1.62993769425915,1.16526583783818,1.61414117540538,5.73365982155671,1.49509282242401,1.87054706492561,13.1884446142939,1.18461104837053,3.14697852686775,8.47655546221456,1.2205772544923,-0.142168785113153,5.57112382754036,1.08639914584382,-1.17508055742035,3.19522255533998,1.20019228541066,-0.770627945003394,9.15857950131475,1.34110288478464,4.56341078230206,18.5275986807787,1.90775082067116,6.61702956915503,25.1562967450402,1.51625436178949,6.14484275809524,16.7986090624476,1.40999798002312,5.73063604396303,18.2135980121064,1.3253744526654,0.465578951855016,12.289297082079,2.04850926693706,1.49116651764202,15.4862006336853
2026-05-08,2.05125908762084,0.671739805479602,8.16121456745966,1.19104859746935,5.23042320277756,12.0816577949604,1.01777210213814,0.163853441330193,1.2494083507538,2.4234726300261,6.80290938432078,17.6303378974406,1.28994231770984,7.21160464297379,15.6273059925998,1.80475134741405,-3.74195550781144,5.09642074445119,1.69947303138019,-0.00328334721373501,9.47814839396662,3.51299301031142,13.197713028864,39.0261038961939,0.891779525594609,1.09814237291321,5.36132046638358,1.01293555359084,-2.05644713589735,1.05874830260762,1.03997260389927,-4.13178547782649,-2.80889755044524,1.20796727216334,9.57290731686009,16.2361550109927,1.53176721613271,1.76872937214389,12.5587606514167,1.20754107680895,0.834674228776901,6.04911462447378,1.18774768573309,-4.58044148156659,-0.699830472891569,1.08137938286821,-2.71825633305718,0.378448276694573,1.17432459393619,-3.974305996872,4.05262339155042,1.33079690940847,3.72096865340807,17.5493789027747,1.94352197165662,4.05587924544151,22.3738065273097,1.57824236718773,4.33209914240456,15.4821140378255,1.44509904024006,3.68912466544059,16.3243734661352,1.36370370885875,1.89103217725061,13.0092261474927,2.07058244608303,0.36321333094471,13.2767480259438
2026-05-11,2.02915072196273,-2.28393960952385,3.95610147749992,1.22965295540602,7.92442653567679,16.5179417721699,1.01734213614813,0.176848489909015,1.22117964902852,2.75981746055355,11.6308814643689,24.4622493192784,1.37038041887602,8.64236147527028,18.8711217347972,1.7759884768419,-4.04235169916037,2.68952856202349,1.69737763139208,1.12131338847529,9.95565701962792,3.8655324610945,7.5732570086247,34.1413079138404,0.930961460703459,7.40502471260967,13.5164722798935,0.983169791682294,-2.54045490163541,-0.580803054377867,1.02694659425395,-2.81100845551841,-2.61706758491726,1.25964382090151,9.47872130295969,18.5829440398886,1.55436118650089,3.11183872951747,13.6975080057947,1.22177801274136,0.322330919018004,5.1719835450793,1.14508188900075,-7.22539735939851,-6.08478217302323,1.0692923392546,-1.58013272117095,0.647820789686758,1.16339797966921,-2.30888054710183,4.09328758013655,1.34674629747662,9.60607967580364,24.1593205976535,1.94805569056424,1.34374520845172,18.7494512262203,1.64123230165788,4.19614944080071,15.5759783377818,1.5004800322549,6.71582047652357,19.7883806871489,1.4280240595222,3.41194647054445,14.3589575855053,2.07450059641768,1.42561898150094,13.4102764230287
2026-05-12,1.97421844411215,-5.95899008014526,-2.07413940078557,1.23363880053286,7.71781563562619,17.9408547479239,1.00504033607715,0.757523678478235,1.96385739488269,3.03112407016993,8.33847891676047,22.8106470621188,1.38006247290798,8.2236010544446,20.0410865036236,1.78012049694462,-0.685978848814797,4.98337087457239,1.65059801009013,-2.01147634644321,5.59765969674611,4.37843666116263,7.48783290963917,33.248341833687,0.929852106420326,0.581553278377309,6.70876246170949,0.952614096199746,-4.44923006434347,-4.19375236314843,1.01039751004837,-3.19820462882672,-4.16156018718019,1.29409485339363,4.96859904866645,15.1645961609285,1.57189800066318,1.38144292371956,11.5550987429516,1.20450068618626,-4.53270163639788,-1.4502615524801,1.1046741174328,-7.9743917886027,-9.74482047393637,1.08745591506844,-2.85978196519994,-1.8115967869536,1.13224363071225,-3.10407626253519,1.71265660607172,1.36996958882446,5.81176092235257,21.1840220418087,1.91888864469816,-1.55574680204232,14.2236490855875,1.65227616625038,1.17031820648167,12.1466235913878,1.52517293749089,2.83010902166028,15.9816727270043,1.43180543382994,-0.889073427399034,9.18446307216219,2.12184437813375,2.83721508000845,14.3824429895645
2026-05-13,1.91286254559934,-6.38429873288381,-5.02954243478712,1.22771841064652,6.1279915780026,17.4182205370805,0.992834084003957,0.592635887285176,1.8942909152673,3.03392232298519,0.410052931915614,14.7536559737767,1.40071425685219,7.25967102918237,20.2338415897195,1.78466804371702,0.166770959616062,5.30805258927245,1.62353729479578,-1.34368672615156,5.06115515264801,4.53192688331616,0.880509232830917,26.0558094348673,0.924454663521604,-2.30275581139143,2.6435305268366,0.922913953071329,-4.68239250658392,-6.11783198878529,0.999872211617247,-3.32513278227011,-5.39940160514909,1.36207345853088,10.2916315742463,22.1759252165197,1.60152692266846,3.70802414241539,13.8468516797736,1.18563422063043,-3.81322979757899,-2.35455090397571,1.10229309653361,-3.5058734096869,-6.31950142081829,1.14451628827885,0.48408712985721,1.57227161394019,1.09953909501814,-1.89141441664733,1.77979321818252,1.37050072346808,7.4186193088106,23.1913544570234,1.89086007408402,-1.90136969861538,11.8783995051048,1.66892357016166,1.14822564286004,11.4337792045009,1.55104084055122,4.71817154969845,17.7821779558356,1.55758716123898,10.1339617152972,21.4138403872462,2.20816464731231,6.33458007682214,18.3261152324767
2026-05-14,1.94719235225913,-0.170921510427687,0.923162741128948,1.2188699869294,-0.109677480929439,10.7508594869196,1.00311982194087,1.91093777426861,3.74416586869672,3.03578782486203,-0.601887631351862,12.3317798041904,1.39487661965163,5.89977514292511,19.5441209976588,1.84327860938649,6.41408188197726,12.9159445053815,1.60714709749567,4.76110405549465,11.7711613097199,4.2956898834624,-4.43712650787358,18.4876560586085,0.928022327296763,-1.13338543592846,2.91068149914906,0.895166352915795,-3.18687335913612,-5.62498817949715,0.997929589722551,-1.29613833422076,-3.61068221300714,1.40879913018934,6.53299114624309,19.6776469657072,1.6163312028383,3.49993331074347,13.7762480905821,1.16990732784694,-1.14792759337601,-0.264731411929513,1.11518837362715,-2.45200394862213,-5.87761657673298,1.18255653708579,0.00386999927428257,0.994531831084349,1.07984224234961,-3.37687420189073,-1.15786569551026,1.38265828132649,4.85085716903926,20.8758154648417,1.86144451862866,-3.36551211370748,8.28494566764286,1.67073701191957,0.810904629370738,10.4000765279097,1.59086042822532,7.75655668813081,21.4885511342873,1.66828069377919,6.23772391905047,18.7593693832872,2.2618553139923,4.46313092458791,16.8648773306044
2026-05-15,1.885569758551,-6.57060936702596,-7.83166304041735,1.20041095139871,-5.47744652863431,3.18821014886698,0.994757782867136,0.311825530957601,2.10623048592471,2.96539300186979,-6.5332967825273,3.90517942277594,1.37408357430811,3.90475233909497,17.6497858463579,1.75057661709542,-8.6106008038347,-4.58813080245585,1.57806722410498,-3.09288767762716,2.77096419091128,3.94496167170958,-11.8993573850809,7.25598025684131,0.919651831252076,-3.50090340787798,-0.94332379811837,0.883233282811897,-5.44918670822689,-9.70784756623725,0.973800411692196,-5.30177611734602,-9.42699013038135,1.43150996855992,3.14682682547026,16.3941326184466,1.58970675601147,-1.98046030236438,7.23328423143592,1.14682573633949,-3.4855754979868,-3.89910563914886,1.12693362162278,-0.0144160357422778,-3.0454049109973,1.19543022443823,-4.5919846883407,-5.27389121647097,1.05618015159948,-5.83233845838713,-5.80332003346496,1.34827083475317,-3.84735990943296,10.895913346952,1.79676881313214,-8.41375387185828,0.0660323494303129,1.63274336802279,-3.72076972505174,4.1854049532379,1.56943639220273,3.03019617304999,16.9691165579918,1.70132079133805,-1.41967596595939,10.4134012774059,2.28685178934962,0.291051309619825,12.0885371851497
2026-05-18,1.86097761604276,-4.57194954015707,-7.34881800155996,1.17493215418486,-6.77244333844498,-1.00285244077831,0.983576017315084,-1.5549372859766,-0.443699160408589,2.92255674792697,-6.16249518095448,1.32123437584474,1.32979922710145,-3.33715660254206,9.06011811626865,1.73718268990695,-1.14863332108842,1.84972330971244,1.55785550206313,-2.28827251621786,2.21734959764107,3.84369373748346,-4.60188539352049,10.3117393108627,0.958142148657606,8.05820836075278,12.9016301193927,0.864911592216646,-5.41601266233076,-11.3011143865521,0.96050512705462,-3.03130153861025,-7.81949159808665,1.420628398485,-3.55285760254301,8.21284809393507,1.62948151336012,0.297903402490367,8.54212514620678,1.13458725774747,-4.07245151935471,-5.91052848672732,1.11713276599359,-4.01941239050096,-8.3621588965479,1.19589647163595,-4.20589961651441,-6.33509704525831,1.02847045470992,-6.45646715123681,-8.73513782164998,1.33951003208615,2.90853971310086,16.2318628926501,1.74184885025058,-7.73891712476731,-2.60455265801735,1.63526875464043,-3.13852916495228,2.96184431290844,1.57490623061731,5.4382639413084,19.3250874534838,1.70876828731016,-1.5311284592249,8.72073755751688,2.31971205989851,0.353749341601485,11.128357751485
2026-05-19,1.79820589197231,-5.95075240055473,-10.6930377181774,1.119653343077,-12.116138840315,-10.6657928076411,0.973077667407381,-3.0597339888631,-3.1170466741076,2.8305480104923,-9.08657134211984,-5.08451720120273,1.25700903370657,-11.042281626151,-2.33374589170648,1.68612103757275,-5.60014032781277,-4.69290482565381,1.52292738638571,-0.473892080974029,3.37051018063524,3.8017338164949,-4.79120048488362,7.32438106904475,0.974844911460075,3.09194343297998,8.74137096992412,0.839220928136033,-6.85390708186516,-14.8720728039104,0.96661062295475,-3.0882173177221,-8.59064253750293,1.37187927220993,-8.31017318090511,0.283258914983737,1.65599801825922,-1.03551782365654,6.19220532205929,1.10490840330877,-5.35528498283288,-8.99419506443543,1.10996918292082,-1.40268319649246,-5.76044266105501,1.18247217673036,-4.61260235937011,-8.23653138692853,0.990339726259683,-6.88659710102255,-11.4827639702488,1.3029804799252,-1.41581136996205,10.7577591415702,1.68377585823767,-8.92155749279967,-7.21912342866287,1.62560422319896,-4.54760804111014,-0.455281365989801,1.56820622670039,2.91239233666127,16.6589274388591,1.67728519529041,-4.79424365476603,3.28612202460797,2.30768452786746,-0.524782928678138,9.14786710964891
2026-05-20,1.74811328261009,-6.26000034876614,-12.9256315120586,1.05798697313692,-12.1907984758543,-15.1602222856317,0.955505430120592,-3.6799719591835,-5.0473398507617,2.82447283090463,-2.23135387789698,0.402127815043935,1.18752464196983,-10.7472917610028,-6.34609614015167,1.62160120205015,-8.04621751216156,-10.0487493837053,1.48561459965043,-4.53960986441572,-2.46330325830925,3.65079159681028,-8.13058690991704,0.701917573815155,0.936893267231051,-7.49931388454841,-4.30984616610146,0.811727508222974,-7.14320897843309,-17.211010786141,0.961293602661644,-3.91162157249805,-10.4212291607827,1.3309402452915,-5.60907371261919,0.170120885968761,1.64955255750276,-1.73961669746431,4.28032891055328,1.06202800709914,-5.88707353537461,-11.3905507515379,1.08504372263276,-5.51079882548954,-11.6885429125851,1.13356591553299,-5.717696559636,-11.1627627978139,0.955090442030934,-3.39018450268521,-8.68932077560247,1.28020124089737,-0.312210752916168,10.4875662899473,1.63433068851646,-7.32560685944098,-8.37236945535454,1.62638273475064,-3.68171319488191,-1.25950095789535,1.56468015404608,1.50141544545233,14.5595598585805,1.66689954781092,-1.30617798711557,5.34035918969198,2.35673762887803,0.605701138908036,9.44868558875659
2026-05-21,1.74975858129176,0.730733973562991,-4.62160164493069,1.09101120387767,3.98854789543879,3.16160956595364,0.956606771745545,1.77381067264801,1.24583121031475,2.82860996728353,-1.91372361878355,-0.199624059040662,1.20204634810063,5.9314252410832,11.3254896201608,1.58396657848015,-3.31716514585375,-6.26219318054055,1.4986958384376,-0.385990587369562,1.2835468561423,3.74020629078889,3.68677010553115,11.9851999366852,0.9302236645849,0.214307741363638,2.96661440708903,0.812403464245238,-0.13457400677753,-8.70146909830619,0.957495210279938,-1.30063690425641,-7.5436657246558,1.35569181865649,6.32102674175042,13.0601822727585,1.69597601229368,1.95743036700463,7.85281375787274,1.05706044438982,1.23659004770441,-2.93704180191912,1.06968610774735,-2.8314977996556,-9.36519841089059,1.11344821992026,-0.106972569824204,-4.81269597859987,0.946334117104659,0.625989484642084,-3.74414529015693,1.32481931989856,3.46967398155439,13.9426964529598,1.67218419733885,2.13447307542705,2.04260992811835,1.67848411754219,3.60626034393025,6.89357672776104,1.606537480254,9.04679922725176,22.6447082223497,1.67621174989177,1.961195239943,8.4229962437012,2.49972642817524,7.0997905053374,16.827729693425
2026-05-22,1.75497784373717,2.12713478667691,-1.83576052520216,1.12099229053495,4.44569361440272,5.30614324196644,0.962948072331745,2.3487293169946,2.71837266386356,2.88049159482689,6.13739423428309,9.71095913866918,1.21307958849795,3.94232969417344,10.2315788043174,1.61983429736641,3.01522791849637,1.6297396000733,1.53299599751886,6.16524838674903,9.7326934655915,3.81578609752209,1.03971348369599,9.08496889311766,0.926852156676946,0.646302744479694,3.34846246771431,0.813199645277614,1.29757007018164,-5.82893631286671,0.958261207114066,1.53438998362731,-3.36521079754692,1.36445655894823,4.72641033146979,12.4617196869901,1.71022435321562,3.15144787462583,9.46019797283291,1.05899748438296,1.78247713120017,-1.30211960032647,1.06700384966358,-0.319743895000563,-6.21017962211773,1.11377154921584,2.96384441838656,-0.041570551881643,0.947517137578994,2.77357228964576,-0.0491708061281794,1.39076200806042,8.5314945006331,20.1384376239935,1.71780656914106,2.61515641192838,3.46754528587067,1.78130710785593,4.7899464326313,9.36446032359889,1.62127401166173,5.91360653014268,20.3523383875498,1.68606469354578,4.56236255541147,11.7470178861247,2.69994037511554,9.39086264152405,20.8843018663975
2026-05-26,1.77700813699342,2.2348431261275,-0.507593889320668,1.13852893307669,3.34687282886534,5.31600507697361,0.962369543624823,1.74709999089347,2.70457220928029,3.05835632834273,8.47702639441086,14.5111680278689,1.23192795739883,3.71619425407938,10.6370051973522,1.72532154498516,5.12772760840425,5.76596427300977,1.55173707133274,2.2696006257685,6.40282715432057,3.89651563779817,-0.073925757319529,7.26334552849457,0.952910022950156,5.35946399436222,9.53645143456699,0.822023481053319,1.57600278797403,-4.23926515753977,0.956234749807126,0.750847069133066,-3.43233914193497,1.39421194578094,4.53796908695664,13.0044528807364,1.72034178897612,1.69585209577746,8.04524425411983,1.05713959529877,0.233606968374014,-2.51447939154411,1.07025311216762,0.378403592024633,-4.76875407966876,1.12397628489463,2.35015051441895,0.486036257842408,0.948305817895218,5.01554971884758,4.37767191786277,1.44810106401046,6.79031718288942,19.5270564641503,1.75680535704596,0.418215420241651,1.35452907895221,1.86429883309041,5.4611562638119,11.402537075911,1.64332612204079,5.13209261969792,19.7808203884404,1.71615890758253,6.22742962002146,14.6264239774992,3.01234306571433,16.519172946627,31.0516999600229
2026-05-27,1.73604264428631,-3.28061103594607,-7.11512156622784,1.13245210102195,-2.31135466972262,-1.22964272209811,0.960061432847786,5.8469877788095,8.73955774876946,3.16874556124927,2.11626738298381,8.64784696754014,1.23029645540985,0.453796596234617,7.0749624648026,1.84584664444046,2.83231214311679,4.42665613934712,1.55432944316529,-2.77235141288631,0.223076836317656,3.82896341133097,-5.6509702054493,-0.473301818066395,0.951650440292431,-1.70482638488712,1.78161540225942,0.817885271395338,-1.62307056799295,-7.67856587450097,0.953107792965049,-1.57527657502981,-6.04140371133334,1.40842246406826,6.23478873254674,15.7353444135801,1.68317027745921,-4.35001552079893,0.321506358864741,1.04330400625753,-1.87847825349428,-5.11177186466208,1.05038051097081,-5.0017245735949,-11.8134149834169,1.09956324571671,-2.19125725113754,-4.75778993156082,0.936194578007366,0.933984516626505,0.668460659336634,1.46901534810302,2.96080214638629,15.832374062565,1.73237429293331,-3.08053186804188,-3.29071407251737,1.9443861899568,3.81231166265216,10.5347556926809,1.67307707493831,2.92407016880839,17.3262106532373,1.68784516200551,2.67669689475291,11.4110361882321,3.26534320760649,11.051279730789,28.1375469027119
2026-05-28,1.68193673754034,-4.14652506532925,-9.19547637594792,1.11155198328073,-4.93600854950149,-5.67146154436343,0.968455221353942,2.45517276250463,6.00926442208943,3.06426556292464,-8.00187988201479,-4.09775955942953,1.21568775764935,-1.5081495323683,4.10725136260361,1.88316790985016,0.239006080940181,1.80359191866481,1.59401412099768,2.46576889894299,5.88590694776791,3.64179560583116,-9.55121831009864,-7.8931236504233,0.935045608630472,-5.78777043106516,-4.48404354540081,0.800613630220305,-3.3675764321538,-10.2338926068278,0.939859818873022,-2.21269388817607,-7.11309235415546,1.41508293979257,4.04451561311197,14.1001288017172,1.66766739696942,-4.15191732408886,-1.3320686495624,1.02095840906499,-3.61822745920894,-7.937715263874,1.03146499629306,-5.16645691352541,-13.3358665514703,1.08391221019071,-4.03712561626506,-7.88886900216248,0.915483391316796,-3.54274550954863,-5.06339933248892,1.46092506371885,-1.92444402806376,9.73571915093412,1.68389739172038,-5.17074810375576,-7.21623432129598,1.98127140117213,0.0626036767753353,6.40229841402819,1.67880209418214,2.86427122936209,16.733524460507,1.63517201241976,-3.37492319349407,3.95064567726907,3.60291062829832,11.4279401961323,29.9098188919792
2026-05-29,1.66132512050912,-0.545385216791628,-5.16227133881497,1.09823125859404,-3.89165866473717,-5.95266298421096,1.02050968385824,8.51607502217171,14.4329688861385,2.97209727642217,-9.26470154972855,-8.8484172360822,1.25056802404291,7.32202696743724,14.3924388382646,1.88205218624993,-1.625046714204,-0.751863089862584,1.63037225026264,-3.42186705849371,-1.3084765203081,3.45633115375459,-9.73337647962022,-11.6402632021205,0.902477843732911,-9.29094109659145,-11.3387123586011,0.785643765928289,-1.96707253918146,-8.85692003327273,0.924177607114836,-3.62442010424261,-9.49239482557056,1.45187509298204,9.63503563279813,21.1872264801286,1.59609650386776,-7.52259474742556,-7.48324015485283,1.00291209519034,-2.82143939251479,-7.76035963195581,1.00153847187496,-8.05915593876494,-18.8153120746628,1.05974306013598,-5.4067999513051,-10.9591455677793,0.898867705353009,-3.84397431440328,-6.62219303159616,1.43743288971554,-3.45570655268948,6.19711818451194,1.64084961586583,-4.379765830491,-7.8192622188188,2.01824131200405,3.44748796231688,10.121437850355,1.71553965550522,1.35107226904739,14.4901825985832,1.61132235242962,-4.01226560279762,1.35216477253901,4.04235915223739,15.3977999463395,35.4157450440665
2026-06-01,1.60739067507647,-4.58966518512365,-10.6693739901452,1.12396759892352,-3.25357359256123,-6.29802824655386,1.1152884392493,13.3479728164729,22.7951943745894,2.82468556299503,-13.4300765093791,-17.8123891576337,1.37793346418434,14.5990050133,25.2038422039585,1.88399767057231,-1.22749473677707,-0.87418175298273,1.62490597097585,-3.96278836452112,-3.41932084308227,3.47961205101912,-2.58504764785908,-5.14148976236995,0.841353225742515,-12.479830619843,-18.9494994273973,0.771862875874084,-2.26331576447028,-9.39260790326406,0.904842872755458,-3.48947015544293,-10.1273056247698,1.49539231626223,6.77622726166384,19.5870690057272,1.55271236782113,-6.35926398583576,-8.5941554527302,0.988256845040902,-0.362025443674985,-4.86084942573828,0.972771945116417,-7.60953363311202,-20.3611473767437,1.03176813883992,-6.19618015514574,-13.6179242052596,0.913766691950339,-2.58095534325507,-6.01701622692398,1.39737760631494,-6.59862883721244,0.322065860058268,1.66687329136375,-0.719013466071294,-3.98930763348273,2.02328661669096,3.94083599107228,11.23253059479,1.80022954696649,4.13061212428766,16.9097652676154,1.59409719403614,-3.18003122525039,0.573135984800422,4.24123405655061,7.92899212655462,29.6224453974477
2026-06-02,1.54154700235358,-5.38297822321949,-12.9894357192769,1.12825872918684,-4.90050563962978,-9.51449385445845,1.19289246346983,6.96380689768888,18.2846504925558,2.67319392270084,-11.5567356601388,-19.785591051869,1.46622401505393,9.4144912036549,22.4252835546437,1.82344075883568,-4.59080942760912,-5.89285054670179,1.58000479571506,-3.26764983562925,-3.93851925611248,3.55262461602139,-3.62762200717779,-7.30057527359052,0.793795819326659,-10.9242677699197,-20.8826018697246,0.748162781101569,-5.26688017112228,-13.9537777347662,0.874700621180637,-7.46769329471177,-16.5879311099491,1.509634481996,2.33998105459452,15.1725524768679,1.49904793795497,-7.17246675161247,-11.8397463751854,0.962215558029944,-2.44467150805139,-7.52217258162479,0.943519391490952,-8.10040959205944,-23.0174516581466,1.00000738886443,-6.7922021824195,-16.1853266714796,0.911062322916557,-5.1512381570103,-10.2557346905919,1.3580837180788,-5.49008610467274,-1.09312254274669,1.62950021562807,-6.50371252590491,-12.0507728219017,2.0379982756688,0.879740165641761,7.97120374805884,1.87832319695092,3.77458209490124,16.5000641117433,1.55776278510638,-1.91465251577995,0.787127519292686,4.22574003563324,-4.00231726361726,17.1657738651972
2026-06-04,1.50074301803154,-3.02390309369034,-10.9305800708054,1.09374556710827,-7.64673960260537,-14.813719006929,1.22380220908228,-1.12123654485186,9.67281987896532,2.61313577635812,-2.65099926572132,-10.5370442202537,1.44193004922808,-2.32688145694625,10.2907509601099,1.77410515082504,-2.32276378988331,-4.31789480840077,1.5541963777815,-1.03864965484765,-2.00652408231945,3.44958482674891,-6.43813638725589,-12.253976683362,0.7724815223255,-6.90736535855386,-18.3384548677278,0.742383484761677,-2.44150736462531,-11.05324208736,0.854098362424818,-6.32422294033818,-16.9895141442885,1.49873353643103,-0.416512233231573,11.3976227455458,1.49605436744233,2.16386198433233,-0.875609878543615,0.947479074255649,0.0737705954824558,-4.37922368109465,0.928110604653883,-4.48673392398847,-19.4144268011057,1.01129839969643,1.18333013215179,-6.21081417600684,0.91908820882263,-3.65520548760315,-9.5935529351202,1.45228316716725,10.3807374484556,17.2720965113686,1.60029289511924,-4.77715887478137,-11.53325248986,2.04780604832069,2.24292540287929,9.29922423282358,1.91345489104846,2.19359633698774,14.5484887994162,1.527244266753,1.89185018325449,4.89798954830839,4.14060080723743,-3.79618368743982,14.3116938956096
2026-06-05,1.4488059818711,-3.79875296827965,-12.4948005586665,1.04684199389888,-10.4221928376052,-21.1099072149943,1.22518445643303,-3.76651657750202,5.09170555442155,2.48221846937507,-8.9607619191428,-20.0460207578367,1.3946357035448,-6.5214470226707,3.39715662726999,1.71790747833378,-5.70519370568439,-9.65787613383458,1.50481031435151,-7.46661095272245,-11.0970207212088,3.27868367291423,-9.59787372849447,-18.681087146978,0.734982624108229,-9.82103869181165,-24.42789355736,0.727473222640699,-4.04620323373198,-13.5587709467953,0.835542991714525,-4.73370618147085,-16.1443218090922,1.49146623938772,-1.90293472825094,8.36592966533412,1.45447197776446,0.196586809108142,-2.53573569353982,0.927682129654013,-1.02023786321731,-5.4781845061308,0.909967088596014,-4.59607936612602,-20.0547239373206,0.994477107139348,-3.33517219640237,-11.6350466248966,0.918120286044011,-3.20459043297586,-9.78157293821529,1.50327933179688,2.22952147308038,9.75036231249694,1.55399674383184,-5.82728491043863,-14.2523588355772,2.00998372084418,-3.29967513233794,2.37586000074929,1.8945491723833,-4.94496360938515,5.5656542744262,1.46746838211618,-0.68145592021026,1.87579275742628,4.11546199304043,-3.01625475561068,12.4047689583149
2026-06-08,1.3863551136585,-7.7848399239542,-19.0301762521739,0.991371803031892,-13.6623090545778,-29.0934982270051,1.26375344371013,-2.85633034650378,4.1781405787555,2.33353584393959,-13.1044922035616,-28.7987212796904,1.32119094747563,-10.8432188168881,-4.92098418629615,1.61679559535081,-12.2678272080645,-20.6549823387753,1.41825218627439,-14.4968035187002,-23.3953070003336,3.09927259815813,-11.8577427582107,-24.9248252424866,0.698876122116539,-10.7326370076056,-28.5369241071928,0.69161727157842,-10.927409188067,-24.4578241704501,0.812263120563322,-9.12531440079165,-23.5908922310331,1.44372002690009,-8.81507993237666,-1.6403867986302,1.37912266508004,-5.76365381393732,-10.5132183393903,0.879579989287216,-8.34381289066104,-15.8161002214187,0.900075288844053,-5.17068010429151,-21.4262856679654,0.950173744026353,-9.19608881993477,-20.7498735269925,0.89149889361841,-8.11341024350493,-17.4785970764909,1.47668563865716,-5.70403869542912,-0.18597688760645,1.48235924446567,-8.72647892253503,-19.9888738884992,1.93009151826399,-9.38611589299751,-7.06744525166719,1.8189253861564,-7.39857434437911,0.0262302771534722,1.37625912102334,-9.27983076903965,-9.97613351558446,4.02697784600944,-5.48212468307598,7.21754691109274
2026-06-09,1.35811899065405,-2.69865613131902,-13.484073244511,0.954085332216844,-7.01481811159699,-23.0959547986796,1.25422164406712,-1.38952118777988,4.43096990774792,2.3064619473646,-2.71592519560679,-16.7517048466793,1.27290382825125,-8.30399730424593,-5.83353595212436,1.5368376064348,-7.99827587858944,-18.4249037165187,1.37044844493301,-9.1729798503673,-20.4482242337284,3.09464914863924,-2.88340816000674,-14.9396476950244,0.667280863795723,-4.78503622605392,-22.0854488823443,0.677734071045352,-3.38403263908959,-16.1886712818025,0.799280328325545,-4.86799300558463,-19.4757858985843,1.41188921857501,-8.27991790081171,-4.5305974083339,1.38703272033617,4.92325597008234,2.9185676579503,0.856697205524889,-1.27863322319714,-8.09495578077528,0.889702679756163,-3.20265589400287,-19.0026340763331,0.941240858173785,-0.0477908497308603,-9.64479730505798,0.880771869093195,-4.78309378599021,-14.8910308584352,1.58722086320723,6.08838114012711,12.5545836803526,1.45927954749388,-1.47572529231758,-11.5821713932442,1.89952629491698,-4.93334688824099,-4.63550165466329,1.81836114972439,0.969828140096743,7.48010903516055,1.33268295282866,0.449798069470014,0.0378389778623933,4.2039865963253,3.10755009283209,14.6026414050321
2026-06-10,1.33311131366464,-1.3103195262718,-11.4668602222192,0.907170947938806,-6.48020470867005,-23.7119982625607,1.19980648666123,-6.41517973753923,-3.01252289040998,2.20490267072032,-11.6309300904196,-30.3050389876415,1.21975481929483,-9.41099486203195,-10.4169267891215,1.49697878077011,-4.32225315153966,-15.167204948653,1.32331419808301,-7.53303601372935,-20.6235303107531,3.06282086554702,-3.64726668182589,-16.1322222904261,0.657324594762022,-2.7850726170083,-19.3417584261469,0.661222186655118,-2.06652841899756,-14.3578717754509,0.794430816294898,-0.0384845356220963,-12.6625628706725,1.36464655070299,-7.84774590929518,-7.14888036460444,1.40096567588253,2.71457000382542,1.85405161923577,0.839867391810197,-2.25538054102514,-9.35616786504516,0.886250843290825,-1.00380607096093,-15.4224723253536,0.954639642642951,1.74122321219277,-6.08909205662,0.873620519409719,-0.990515444045441,-10.2017632576575,1.69396072357608,7.22867325120235,15.3645188337531,1.47930156049763,0.00220466070709884,-9.0076605174678,1.86367476682518,-4.06121861927027,-5.23919972781418,1.78130172378134,-4.10062636844462,0.748657271022526,1.33742949323327,2.41954951004865,2.92285387415379,4.19473850838055,-2.24226802052693,8.05182701308332
2026-06-11,1.3102559340186,-2.29057705045009,-12.4906869150326,0.884778655294728,-3.79552334344299,-20.6265181628585,1.15872365262625,-4.78373977740012,-3.39162471879439,2.16871742229126,-4.79371923473358,-22.7293258142315,1.20054738237863,-2.6692850702161,-4.48775168412198,1.50626356440518,-0.4988924924173,-10.153020718805,1.29354164641246,-5.24756442958765,-19.0027369596629,3.07673597989791,-1.38046909262053,-12.9975855577139,0.714105819585506,3.20185034025289,-9.52864008164796,0.655051875307087,-3.05325592067892,-15.538288320735,0.786884701107324,-1.19225092350357,-13.2396319836181,1.32963493487092,-3.96998484229311,-4.76662687541959,1.45664494885419,6.77358341370592,8.47374402757324,0.828122641153801,-1.07900494213373,-7.84887212010601,0.879856703400693,-2.24120542481317,-16.3916509508591,1.00602619258647,7.55921323324284,3.86635905742394,0.874469409294217,-2.02219885405457,-11.2469743195363,1.79895723903051,9.61852173533003,19.8434930552612,1.4787007749404,-1.21755530003397,-9.95324095926,1.83564715809008,-2.42390613103655,-4.35102280295662,1.75001126345386,-1.46697397769685,2.31646907244304,1.39592868003809,12.1397338821114,16.8570376147664,4.18857311641739,0.279137119799457,9.45013399465686
2026-06-12,1.32387579085795,2.62079470336164,-5.11054909901481,0.879959798021512,2.95961821616289,-10.0032525947746,1.16818157524102,0.279132402316661,1.57582031400232,2.2252383959631,0.937173247883245,-13.9955776070286,1.24655890392462,-0.180973351598517,-1.85246076850531,1.54203572077641,0.536831953521178,-7.8927826821951,1.30711143977845,-0.795653257270982,-13.0455899266178,2.85604485549482,-5.36102346261746,-18.4769920001947,0.739061243194076,-0.782514882116153,-13.1007048886941,0.715209459669503,10.4284157286664,4.90618059836647,0.798091537572301,2.58376836669677,-6.84757501573788,1.31332686548431,-1.70683044028474,-3.02741109436025,1.52345447117072,9.87557730764271,14.8081529428459,0.826591305542095,1.7136643471087,-3.57828054646318,0.878112660753881,1.29858998655606,-10.5158482736669,1.02342714654838,8.04496675022453,7.73995982821751,0.88626824856418,1.80487447193634,-5.50984143048246,1.96259576289508,8.77470472992332,20.7969872143646,1.46327847283793,2.17999166941839,-4.59473936307752,1.83553174063256,1.86318190412375,0.873860832841345,1.77335899787967,2.48876654364091,6.62529420517209,1.51047508671035,8.68016410960434,16.0054862988493,4.11428038931791,-1.33404606898486,6.67680879350851
2026-06-15,1.35459827787005,5.81367935498857,1.33312861665315,0.888388282180815,2.4021631353797,-8.39044437409508,1.17608887779455,0.665693994186527,2.06817199209143,2.25964414263606,0.738794661296684,-12.4846099897496,1.27993745757552,1.90181890794169,1.11453754386643,1.53540509105743,0.13222842660481,-7.47329654877073,1.32770992562861,1.17248515201942,-9.21117187503259,2.7089174392261,-1.0831611070013,-12.9160150281697,0.744949253704996,-5.95382610329079,-20.1262925706094,0.710393836965182,2.754409938284,-1.60941610325983,0.807085035000101,3.50735491409218,-3.53862509430396,1.33058685056563,3.99242761267821,4.31388686738749,1.56180873458964,5.6781808349821,12.2361700703654,0.821896291208077,2.4895220436525,-1.31088005405365,0.877264805315999,2.56386499115566,-6.93386284634558,1.06124938741255,5.68521261674461,7.44113609815306,0.918004080856454,6.6535245053284,2.96270684304492,2.04729427807305,4.33884559238908,17.0359764107148,1.5281058300912,7.28767336688282,4.30927589595833,1.89013211325675,4.42723814020515,5.15687149116085,1.81620145624891,4.33720448041281,9.47460095506067,1.54873453715732,5.15170770583182,13.6884123142042,4.28455413261077,6.43604098435666,15.1966191075681
2026-06-16,1.46886445983909,10.4973000737912,10.619994650991,0.891862866627628,1.19443961837379,-8.20479630606179,1.17174828796813,-1.09398391586446,-0.186318107354833,2.30059327051353,2.24099877145947,-8.60656074575225,1.277851973094,-2.19284721161669,-3.72600221671991,1.59373500588162,5.61161643333108,1.30545078795171,1.33814169040314,-1.63879083918935,-11.9639493340935,2.64436944575167,0.885232261536765,-9.24917407645988,0.732392888251369,-7.02130568454032,-22.9056757923204,0.708565596565766,2.85411629589697,-0.0127925521378648,0.838198206395913,6.83348750420852,3.34456290888037,1.33717040180218,2.2599960194884,3.35980654705443,1.57810011634743,4.21632951147037,11.6149232473175,0.817191657112258,2.62035878448034,0.168555936226786,0.88425572019724,3.58009445805317,-3.48698882538302,1.08084529932186,2.18080415750338,4.58901837456188,0.934246903087007,4.58628781733004,2.89301797999774,2.09274338463543,1.02653241925341,13.2171669715519,1.57132406826005,4.78277172958533,3.7928645157525,1.9543868442217,4.13933388448918,6.2655048040381,1.85605025464535,3.65360229835947,9.5510344528481,1.53050313025393,0.590883011917266,8.87293641895212,4.43586051997536,5.99410209308506,15.8446347771149
2026-06-17,1.49042015877158,2.16448166696704,3.05751303810154,0.890503133414169,0.0166390771604325,-8.58214475598304,1.17125759263271,-1.29660925731831,-0.93155014740901,2.28122532930562,-2.31684480267524,-13.5326292154203,1.269025083734,-1.43271741371268,-3.33094830915421,1.59945358174208,1.8219080517468,-1.54229102864244,1.34592134003422,-0.420326587755303,-9.81957847906258,2.85206629544496,9.0054092362711,4.22015979426146,0.703240696730127,-8.94289434466201,-27.3668599114644,0.706310138580223,0.881774097448327,-1.43806752408259,0.869342520298191,3.12650182959528,1.0138300419391,1.32608681872339,-1.09654985240762,-0.453354122672998,1.57844582670605,2.68113839745528,10.3462549905229,0.809331360762293,-0.608524507783917,-3.1246371820004,0.889546009438054,4.59493548939653,0.0616098994236789,1.0964065362985,4.01283091331013,7.53934642976124,0.958414535048562,5.92924155018248,6.58398615408649,2.08448479323008,-0.967668141181152,9.99251047464311,1.59477130618298,2.86579172288863,2.98910504811088,2.03333099409497,2.83080323910537,5.76333821976913,1.88920029660841,5.58837016028392,12.6580938587012,1.50642039338462,-1.20508537681872,6.03860899967739,4.52439167068013,4.17517796557382,14.5532284454881
2026-06-18,1.46665845564354,-2.9932370361578,-3.19931423769842,0.876117527508081,-4.2830283412272,-14.0937311516555,1.15731328552111,-3.51856302575926,-4.43191973505158,2.24334223738311,-4.10815045638329,-16.1043399958946,1.25232366701306,-3.33156922709245,-6.2992183905907,1.55306569793958,-4.13269541866538,-8.90112946071401,1.32800385924264,-3.5522456672212,-13.7406269039843,3.13266384976216,6.31448998179843,4.26234129637952,0.663382919115857,-10.910212326032,-32.6117206137043,0.695476820449809,-1.26417960721982,-3.87340384664795,0.881225469712455,-1.21912127655737,-3.66376017369565,1.30674165001843,-3.43892495100259,-4.06179240790717,1.60218088915512,3.22796197099255,11.1619284598755,0.805665787735457,-2.44075811950445,-5.65801222960301,0.886146396412086,1.77317508692008,-1.77832383774704,1.10241042680133,1.541734745095,5.33952756658566,0.96399543405182,-0.143676920435568,0.436092997459114,2.12540604013745,0.0253518367571646,9.85198558976225,1.58250520967882,-0.474817988002997,-0.528716898352071,2.06429582980584,-0.217332123875376,2.44449299080625,1.94139941654006,6.58061914751466,15.0371123041688,1.47744273107134,-0.54006234497574,5.79529816369547,4.71298006696872,5.2571979320393,16.1608379087704
2026-06-19,1.41577694863503,-5.59384934212186,-7.78787475355764,0.852435319332796,-6.28075869284527,-17.8375819575203,1.1392059663231,-4.3518281382564,-6.75644457387102,2.16405095248159,-7.47286859964596,-21.7357693719445,1.22293599901251,-6.22742047730709,-11.2926703904845,1.4952474415126,-5.45157170097963,-11.880432516216,1.34328848483418,-3.09533991296019,-13.515975793589,3.16641694449411,-0.995293398680259,-3.36219280605531,0.62319574519516,-13.023702704192,-38.836687779505,0.675123948363286,-4.32722394952575,-8.35523447673671,0.872148719506365,-3.89155675296338,-7.59413070532375,1.30228448028351,-2.5358121708679,-4.00699355589837,1.58398446443127,-1.76127474757475,5.22346437015702,0.792987012875491,-2.0256194108076,-5.67688666254258,0.870971561668399,-3.42322152441253,-8.08504088306177,1.08518600698785,-3.34755734466263,-0.877970447760738,0.955781063664509,-0.405170527658307,-0.0228897018167749,2.11255507988263,-4.66636588800171,3.18256444817769,1.61080927383224,0.341528052739454,0.415215772607125,2.12311001118,0.293671050456999,2.79106303875292,1.96020868722606,3.75045588563124,12.8192271450649,1.43029120312827,-2.60025041064951,2.39465984359866,4.89269217664115,1.78387469174668,12.5549605047856
2026-06-22,1.39319253477116,-2.37303826340086,-5.1673796569014,0.832971057704606,-7.47829920259903,-21.0909780018264,1.11511926411347,-4.2899664776122,-8.04113319337073,2.09358749525695,-6.59884310684095,-22.1513252743063,1.20604842629905,-3.26547436857351,-8.95721587053348,1.4396697035408,-4.8691801771576,-12.5269266133682,1.33532516003792,-3.94232834752944,-15.0362206130806,3.19211304573072,-2.67534291217537,-5.83628998460973,0.574189822887676,-13.1855657048318,-42.6450452792375,0.660173192235472,-5.09567163490693,-10.6757902676785,0.866858689261212,-3.33234757915566,-7.90811327322712,1.27680740872231,-5.81363454880578,-9.30128738742822,1.57618330730318,2.6364170282964,9.54255453367153,0.770625312867225,-4.19276387270961,-9.13175744708113,0.846057541152941,-4.27652898657172,-10.1437005068043,1.07744900400118,-0.593607678428524,1.37565389952292,0.9376677899743,-4.53107847662551,-5.78143057000951,2.21730106676769,1.87099141706046,9.13359698431444,1.59963509313922,-1.99651335568475,-2.64065207075936,2.16850935044029,0.904888643511823,3.46350358174582,1.97180760439309,6.78950580841813,16.87093940553,1.42635859130043,0.269470649464086,4.75257823333327,4.98010834246808,-0.642811386347424,9.14555429193903
2026-06-23,1.32825525930465,-11.2533965568472,-18.1589479545103,0.791198587669248,-14.5421461817063,-33.6946808395969,1.06782205683852,-8.17181184957441,-14.7435236882348,1.97988571985946,-11.7079411332673,-31.4077924346557,1.14814249179101,-11.4880243407087,-21.437049395283,1.34703901040506,-10.846166226644,-22.4014075484949,1.27720733083134,-11.3799664119133,-26.7492576777044,3.18688578280824,-3.24331231650791,-7.32253215897966,0.5251808214026,-18.734400071105,-55.5916155586178,0.633965468326221,-9.36161757625524,-18.1835232992004,0.85013896874338,-6.60241071912057,-13.3636688686178,1.2105916395048,-12.2962505670388,-20.2199286149322,1.53077731806913,-6.39106366207626,-1.64075161755343,0.734984956420932,-7.50680513034734,-14.959528318698,0.820947523322828,-7.05968639399792,-15.2107714399271,1.03795318608324,-7.20208228653288,-7.81171084646521,0.900318220650158,-8.79132291802776,-13.1560292071124,2.18168740970013,-7.01958151245725,-2.12529111895691,1.56536103506236,-5.69321089312835,-8.34668008141005,2.17298438906861,-4.35662728478742,-3.42382818679355,1.89770830958164,-5.22843136315186,3.45742701151651,1.36508856088002,-7.68815107488437,-5.8977869856831,4.85483164505392,-9.55270262105026,-2.90391047958096
2026-06-24,1.28702494065579,-6.87277055792072,-15.5221836899772,0.77315326856479,-7.18065682824707,-26.5031415974912,1.03132432080979,-5.7651943172197,-13.796189780425,1.90817816431315,-6.43625605641508,-26.230936522009,1.1108906384291,-6.59471565715262,-17.8226136689627,1.27811374816559,-8.32168761548058,-21.9027990603664,1.25496490698812,-6.43504487878118,-22.4231623717009,3.11952098770126,-3.31192132636878,-8.24712268183913,0.503472071078573,-11.7822713766665,-49.0392460373936,0.618912458176117,-5.10658390160281,-14.7878869925122,0.844320444310512,-3.43507047532342,-10.6960137883281,1.16504119179284,-8.79540111323901,-19.1629132088636,1.51968145476861,-2.0005911250687,1.44585975143965,0.709125219403662,-5.89262208445752,-14.8236224700437,0.810189464975951,-4.95081334285299,-14.1190008135021,1.01849020398998,-5.44980894550966,-7.95274229431858,0.892267876787843,-5.39451840308296,-11.2447592748945,2.18863398870468,-3.42701544140851,-0.300532146974357,1.52534391627095,-5.50070526120871,-9.92410065059482,2.18318928066681,-1.87660694310522,-1.71533091324743,1.905685173749,-0.633738156562302,6.67908555473139,1.30634917553252,-6.13939750821314,-6.68930808059266,4.75126171369476,-8.29976749649937,-5.0893239586423
2026-06-25,1.26737061520604,-5.0756150853707,-14.768227820036,0.754996184420706,-7.85052376351821,-28.8860423161049,1.00747310303375,-3.54983668795299,-12.0535157875062,1.86037312728227,-6.83540468100625,-27.8283350140462,1.08673212100955,-5.73302578532552,-18.1301708628709,1.23037070663538,-5.6466380426302,-19.9677859669538,1.23353550617485,-7.66032214311556,-25.5486687435694,3.03308907838695,-6.68797921866835,-13.8321685200435,0.471514630802579,-14.1677243988575,-55.7918526507236,0.598856351234263,-5.58629342479026,-16.6134226776363,0.83409862336437,-5.12746457868631,-13.7984442632494,1.13045442195068,-6.1682479244781,-17.7907227432331,1.49434650000451,-3.30294191329057,-1.27404651490303,0.700808267117717,-1.06598411970842,-9.1994831477362,0.794831594918218,-6.33112023061405,-17.2465543183605,0.999895967260989,-4.88225090512464,-8.93070597514779,0.881986581582003,-4.57149744448078,-11.5707106193426,2.24598719886986,-2.65447637288619,-0.758609678961326,1.48686301119281,-3.92835136124064,-9.34831720324981,2.34061307699634,3.66147632468121,5.10450859099615,1.94486456164472,2.78439988253261,10.0789275300917,1.26619554650081,-9.68285473504124,-13.6778601910287,4.70766587708638,-5.31079614020212,-4.31176874123714
2026-06-26,1.2198457194817,-7.14352492752014,-18.9349720548207,0.725123534575422,-11.1075493326093,-35.6614888833041,0.986285622508893,-3.28871601209963,-12.2598375732969,1.77569530072412,-10.756904677856,-35.2456407984044,1.03817597128703,-8.90411734114556,-24.1093096243684,1.16806327831543,-9.82788987175787,-27.4105769948056,1.19779560464981,-10.0245249313557,-30.8983190782452,3.07288479920533,-5.00608501442568,-13.3075128725455,0.438314178610566,-13.6876182977956,-58.335141266592,0.568553972747252,-9.64471765253428,-23.9053378559048,0.812568769261398,-7.11980318527908,-17.9220999088052,1.09157230776101,-7.94013226386282,-21.8601852080447,1.4564261085353,0.00385190880432816,1.78209973846438,0.678467637169154,-5.67510289131599,-15.6030170662111,0.774203306099963,-8.37161641781964,-21.8156378214276,0.991245752997318,-4.68602445934444,-10.0974664851259,0.877940612948184,-6.53351630628734,-15.5161797445449,2.34402691066638,0.756950022924657,2.6792698101096,1.42687358099371,-7.79615167101392,-15.850697012701,2.40120143197159,-0.848840868488281,0.220478937782107,1.93524148187712,-3.24898709173598,2.71035229569139,1.2274979948793,-6.99163344132313,-13.1296890613121,4.67551704246289,-4.92072336618095,-5.75647335868726
2026-06-29,1.22155386859224,2.18704113381906,-6.66238192991114,0.72787785888735,0.574273432163811,-19.0429568688206,0.984335993650995,0.209673582557996,-7.54901997149595,1.73807410539125,-3.47929184968448,-25.7705235029879,1.03419936731782,-2.15505129535837,-15.9653460445479,1.16507162690286,2.18745195387368,-11.0406628776678,1.22100197117245,3.90852699399144,-10.8543115436144,3.14413127391134,1.4038625335794,-5.09687923785372,0.438036718890861,-1.86225389706514,-39.0517922631846,0.57150381393061,0.829283486085938,-10.4956863290715,0.800498942869473,-0.713304003134073,-10.1895798250953,1.0772553612286,-2.20122614887225,-15.040521129283,1.42619751305547,1.15291451409168,3.14579778986937,0.68089475380798,1.17271342236233,-6.75895314673526,0.771785341314205,-0.799621373120846,-12.4438323336161,1.00857892874807,1.33090559233073,-2.777308835495,0.900517354056307,0.647130681910994,-6.67644557932261,2.39758325043473,2.11218244277458,4.56351640416581,1.43194596272059,-0.658930699317034,-7.72147769789317,2.41064424356749,-1.29388981826434,-0.778037603485875,1.89778640678547,-4.33509241354582,-0.321646948243719,1.20600712859843,-3.58436576467186,-10.3341431330722,4.68879010099867,-2.81445471369881,-4.57073393524019
2026-06-30,1.20269901087645,0.225182598046492,-7.85239035037864,0.731245792947247,0.0884713130397674,-17.7076804092113,0.975026137027305,-1.92505521278591,-9.85022240763946,1.69907497312585,-4.27945204588615,-26.5490728799828,1.0410130188425,0.573540130791034,-11.3478307133772,1.1612843259239,1.48263212391282,-9.9516851139948,1.21584438765274,-1.434976839494,-16.1468091840609,3.43852494132613,7.25304110304712,4.52704984441838,0.459349622867312,2.23887635502888,-28.884716786318,0.569669394193321,-0.678695235340828,-11.3583549524646,0.78610958728396,-3.26251253400968,-13.3573539796742,1.06630412864004,-2.1209745439086,-14.6063870286188,1.45367283563477,8.51593865401588,13.1484498579926,0.678313832794382,1.50833651032083,-5.05010724574894,0.761672693970557,-3.96508143423034,-16.4544722168264,1.03574247739713,2.45474862636569,-0.296938817630735,0.883273890839201,-1.73106700488713,-9.19173062232348,2.4584682088851,7.53525105407133,12.236049420694,1.4653711073338,3.21437032863162,-1.67965733160042,2.46749017888672,-5.21511558915109e-05,0.460691267774228,1.89350948244431,-0.77134170843087,2.47378379285363,1.18936046054444,-0.378139736742231,-6.44225098472642,4.81023924630946,2.47901554650921,1.87633197227988
2026-07-01,1.2020840560397,5.53834659752083,0.800060212200475,0.736860861594791,0.23214319315596,-15.7443695951704,0.966256332648282,-0.569684481968015,-7.86822131496706,1.69968413395363,0.612636435827671,-18.3128417912285,1.03406257788962,-1.91677587225585,-13.7614639043105,1.2044775595543,6.19322291919288,-1.1204100395691,1.21570655776518,-2.02797813763145,-16.2738372349875,4.01998356400299,16.8862728237632,20.9314072327423,0.507238233010857,7.02610344336705,-16.2331752094742,0.588487981385365,2.78113830922074,-5.42263414175812,0.800873053445324,2.21106849643301,-5.55077841163017,1.05372855103825,-1.66406095418713,-13.5961883597389,1.4806493027299,8.13105023036206,15.057688941575,0.681317092404734,2.16920294594832,-2.88475252625597,0.760283203294672,-0.236205921878303,-11.2280366839161,1.07008393190433,3.1417428705367,1.8317988385972,0.873884419822019,2.88734282338938,-2.42935248041384,2.58089555998428,9.63443739351706,17.0102771262714,1.54237672981024,7.26215856055129,5.77916400561583,2.43214049647112,-1.82509064388773,-2.0486336670522,1.85397493122849,-2.64681772314941,-0.562841377857228,1.16600286997473,2.79498924280104,-1.44355107236453,4.90740129682732,2.80515481654213,3.27137674208273
2026-07-02,1.17961926403024,0.987020092223162,-3.1316525440979,0.717934816484369,-6.8287617829866,-25.2402650032874,0.96441484842148,0.154847206793189,-6.34063166188045,1.62272067098921,-9.76742972069483,-33.0085850466013,0.996302427656485,-4.97246216488321,-18.0477006245751,1.19562284785912,-1.27435005315098,-8.91827758218985,1.19869930565493,-5.70652113467617,-21.458832384149,4.28976411379443,6.33460580726077,12.5820163930229,0.513008222606999,-3.84152022280533,-29.1521784493452,0.583065434601688,-1.24871174928238,-9.47248010190622,0.817058168877129,1.31158812745462,-5.26011104523856,1.04147667832794,-2.27538949666456,-14.0694921814945,1.41822317849602,-1.17714786293096,5.34452208126812,0.66494864584723,-1.36344471158748,-6.61999592843121,0.752430403657571,-4.26214364401743,-16.3401985933497,1.05676744720448,-5.98436411875686,-9.4551075918747,0.85021375782277,-1.08422957882058,-6.50537715353859,2.50356042369092,-2.18324921746745,4.66373350252974,1.53577266621313,-0.31310129227453,-1.87854615332815,2.32604224138271,-5.96288182657206,-8.30887648360275,1.77400455620416,-10.9357504067846,-12.7031766169688,1.11199497599371,-7.92617658610313,-15.1711375332365,4.75700118447358,-5.18518423419843,-6.56928661826272
2026-07-03,1.16526109552258,-0.329337754297186,-4.22911588739685,0.713588729477924,-3.26194827979887,-20.7830971509844,0.956618906947836,-0.991470681914861,-7.31908004828829,1.58287385422521,-4.84846243135798,-27.1298614049706,0.971805045656119,-3.46974174570652,-16.56507531019,1.17896250650555,-3.49470328194533,-11.9296970309208,1.18488571823726,-4.00923665249567,-19.7346349104003,4.4552448219489,4.64203475194428,11.9143986007234,0.520437861858247,-0.737333464178245,-23.2975233069319,0.574958335517976,-1.40567559479065,-9.41143990462396,0.842817264823512,2.17987861646513,-2.86943607282781,1.0403417710225,-0.650311439225484,-11.4177935471146,1.3809355550279,-1.47630889926025,3.95749173167695,0.667683094153881,3.88882244072231,0.859425223050446,0.750658440159426,-3.10544783142855,-15.1838082350004,1.03228169258936,-4.72237766699367,-9.58170571475836,0.839909361421582,-0.218905212035852,-5.16525675075943,2.47088921511562,-4.3732371189525,0.525114645406573,1.51634817875073,-3.15053334360272,-5.75438309532609,2.26253160383642,-2.74456770143114,-5.8103587939643,1.76489901416539,-2.08435177165793,-4.31529581818162,1.09752722067371,-3.3122008016719,-10.8704458917182,4.70532230383645,-3.88337026406361,-6.53018931649013
2026-07-06,1.1495053881977,1.26039781929447,-1.73976039186317,0.708240589577181,-3.15430462146787,-20.3589046223618,0.952703229280355,-0.83089673997155,-6.86707373811079,1.51905729444261,-8.09795636108251,-32.5527320815637,0.952769251702306,-3.83820255322853,-17.3190932893036,1.14221761840392,-5.78271388944141,-15.8615545020637,1.16247442345655,-4.84644253970793,-21.2510599492995,4.59718587580615,2.95889429482755,10.609454987826,0.522524571076023,-2.00652489244249,-23.5951904162908,0.562297185427313,-1.56115021250821,-9.42887556373472,0.855930600473595,1.64041133036406,-2.32904391986228,1.04661817398697,0.319678108175525,-9.19880193182737,1.34308776131908,-5.31644597597402,-1.98405014330116,0.68000355662369,4.96284444059532,4.095799276608,0.747902932860697,-2.6733680092048,-14.6520607301902,0.99847678625289,-4.62636151084037,-10.7682510781802,0.827282896072137,0.578056204428,-3.64227078068945,2.41291110723768,-7.68368756241648,-5.69232262444611,1.47979286867474,-5.66511984165543,-10.166364934207,2.19646328626396,-1.51781256325228,-4.82106887922687,1.77481879540798,-1.92390891475782,-4.64534039570806,1.08556262659364,-4.21018452017749,-12.7510128361828,4.54670073880762,-6.96974966614656,-12.0051689416319
2026-07-07,1.11303048437141,-0.795116084035121,-3.86095183732972,0.691502389449961,-5.40248341885192,-23.6448799439045,0.951053989988245,0.458569724681085,-4.75669825682054,1.46136649746178,-8.02940978216352,-33.8305147600572,0.921825332213173,-3.609198553891,-17.2802662835771,1.11628673297304,-4.5780004233427,-15.4254220537413,1.14217015169036,-4.85338212597446,-21.7735154200797,4.5480833279795,-4.33146871795476,1.7180168544839,0.495251874390645,-7.81436044555842,-31.9980742288045,0.546254457647816,-4.33041109539961,-13.3412612754996,0.855285473347124,-1.76597916726125,-6.14471639966978,1.03497817500173,-2.23092103292431,-11.9563687219087,1.29125860090716,-7.9248923283956,-7.5520731088194,0.676932389068285,1.10894201308037,0.693288653941508,0.741973012414971,-3.38847618062533,-15.6908337974167,0.979061801658291,-5.09098671465129,-12.6260183083019,0.798505598272802,-6.45648660831751,-12.9749174928394,2.29478235013932,-10.704232701775,-12.5853745144657,1.42859805767589,-7.96617311347173,-15.1259939375127,2.11012019364151,-4.91503693884581,-9.83143000002967,1.74004573146316,-6.21319212131203,-11.0731042933813,1.06565776493988,-5.38292469108385,-15.3193530695311,4.3021305689826,-10.2170057222814,-18.7776647301471
2026-07-08,1.06830801836531,-6.09563405043115,-11.2762412848975,0.663801036564142,-10.3433956538782,-32.1260294170954,0.942745403480256,-1.72786446571985,-7.20813163993008,1.39752547221878,-10.4310394107438,-39.146241922635,0.877399040162346,-4.16213682671532,-18.3321282236179,1.06780359537109,-8.63039331413276,-22.312283853038,1.10140435772697,-8.8625160389763,-28.5686974965956,4.36874378068898,-10.5886360204719,-8.29094397389991,0.464529648278689,-12.5610286412828,-41.1655368260004,0.519837068163742,-9.20594040256612,-21.3871270446735,0.834304701505642,-7.19358004778346,-14.0757468583591,1.01526206235913,-4.11777361411401,-14.7272391011056,1.22454165304696,-11.1719722741898,-14.7970425389539,0.663862572252704,-1.99745132436088,-3.10250525186399,0.730463580277991,-5.37036644771132,-18.9215116456838,0.949886056520725,-8.08017511911106,-18.2393611329173,0.769632345886488,-9.69808667139683,-19.5075339739612,2.1987180921996,-11.8093731234366,-17.836762087666,1.34618389596993,-12.1902304569218,-23.6409641111065,2.02160870683894,-7.81014102562839,-15.335954595574,1.68206161375883,-9.18916187856844,-17.1814779982053,1.0119636126361,-7.52252731389668,-19.7026425162959,4.00874492405937,-14.2759274535428,-27.9066778298995
2026-07-09,1.04282155751841,-3.50714367754522,-9.41002506011968,0.663101395056157,-3.95135842836761,-24.2818628523435,0.923909573082345,-2.28744070250865,-8.14574147691396,1.36765503568467,-4.39012169386629,-31.0336528795426,0.860761700705591,-4.05802861454481,-18.564713956559,1.04032224373701,-4.09573324877057,-17.6539687401052,1.06556319404677,-6.64706973357052,-27.0319072015638,4.2491840824953,-7.91232273250785,-8.63522924254569,0.442901610757496,-7.51052786857393,-35.7753249721881,0.502052703332259,-6.56006216972269,-19.9880139092357,0.797990847883368,-6.24441736654078,-14.8275179248889,0.99016187394496,-4.92297322623701,-16.5813872162169,1.18439348049463,-7.00205553412797,-12.7628813884117,0.653837173925812,-4.30118950974236,-6.88080207158678,0.718697709940096,-3.79125261475497,-17.4426597293092,0.93667879902177,-3.64756287577631,-13.9200411964656,0.747294459975197,-8.69026717646291,-20.9391564020332,2.1472656195422,-3.55687923507799,-9.96478187066665,1.30390233472016,-7.09612326863761,-19.8478712877708,1.97704411399589,-6.55215859919008,-15.828743559611,1.64434613191291,-4.42509364345914,-13.0676507562832,0.975173472300213,-1.68862384413325,-12.8004191940193,3.82395179653989,-8.15544162573058,-23.180229152896
2026-07-10,1.05489348005673,1.72532186358871,-2.68470112169663,0.668761838791946,0.907461513429915,-16.2226514177623,0.922406296408497,1.27405699590945,-3.35372927621508,1.42756715834275,8.2231426181114,-9.08392803508986,0.868599582742737,-0.154169883378775,-12.851646384353,1.04817719652471,0.848544168484723,-10.4827322246758,1.06848612782186,1.87131801106728,-14.2688062843598,4.29595994404987,1.84501920757888,1.91462711463137,0.451485647598226,1.19932365930687,-21.7308576640934,0.501772173531953,0.428883551435011,-10.7457721283924,0.777333582743421,-0.273470079503138,-7.71036363727677,0.981868024403901,-1.36649547654849,-12.1137676168492,1.19907033356682,5.68631078122188,3.26151604456115,0.657388634549958,1.64211756337837,0.0460183480152824,0.717465429241351,-0.0403584772762261,-11.9620861506534,0.934741523874499,2.50399152828316,-5.23199148505474,0.747145733927227,-1.6639286520388,-12.7089235247645,2.24516281377914,6.80602942385718,4.20981248754511,1.30382681250735,-0.867963191559594,-12.0910481969026,1.99582181801886,0.209861579593186,-7.56737963537181,1.63237083007983,0.584039640737927,-6.62987551239486,0.981130568610584,6.94375406566455,0.566834189739119,3.77093884398427,-2.36099293457391,-16.2181410442728
2026-07-13,1.03326017248072,-3.71188254515152,-9.32368250409296,0.656911945859302,-3.99659234596764,-22.0021897388334,0.916117443285105,-1.27188873824368,-6.04812589499655,1.39832625936921,-0.409308929036424,-17.7220377096098,0.857599601712755,-2.77785855633683,-15.718411623967,1.0654260386327,2.48910759083145,-6.57571596630733,1.07538558902694,2.22879422866625,-11.3591413563717,4.28689947497477,-1.53635940800217,-2.0194181581689,0.44352135705712,-5.94870321651103,-30.945110957931,0.494674279981093,-3.34908671041466,-15.2092374468806,0.755696994874745,-3.25245708047104,-11.4516891532618,0.966844230799592,-2.38614583284005,-13.1743217509009,1.200195316906,0.410279373681287,-1.75500987190228,0.648209028340809,-0.554910108074819,-2.23351239449047,0.707198718975734,-2.13683639814457,-14.027555556481,0.947809457406324,0.963653014196689,-5.76739832766222,0.722614998148933,-3.80693819883346,-15.5573995842249,2.25534475882243,2.8429271336288,1.44523795504702,1.26514903420009,-7.03358068671545,-20.6745063779679,1.93199837223366,-5.37266300940424,-14.9110887576491,1.56701090148279,-9.11645601218792,-19.8353252227541,0.960582342416725,0.670041908267059,-5.22845726207284,3.50808228870992,-11.6525219599504,-30.2032198129284
2026-07-14,1.01512781043818,-4.2885322333522,-11.030699489234,0.640740740837036,-5.82088631718261,-24.9322363588522,0.904235174646489,-1.65484015236829,-6.61885949860009,1.38456340599299,-0.149426981049811,-15.8378048652763,0.836069199769863,-3.56632447831552,-16.8410827520487,1.04017149927455,-3.84306773242724,-14.1113070768738,1.06967098256293,-4.42787255908868,-19.4185003526366,4.0940102700738,-2.4455451147928,-3.76518404146562,0.439000085524223,-6.09944130965332,-31.5767802267455,0.483377020947396,-4.74053252448225,-17.554766509943,0.725035023038935,-4.8276434721648,-14.2567519277075,0.943114003118923,-4.92366655066027,-16.9194505605923,1.1910486367981,2.98262559253987,2.16871573947861,0.635528355285517,-4.33657800688185,-7.49395669800339,0.704132321385237,-2.41967020387521,-14.1993335397526,0.930924132130574,-1.70996486754559,-8.62764811722353,0.697555666969506,-6.10068810720873,-19.4581895825206,2.40613503295583,8.56377851680503,10.4878884785797,1.24623094735798,-4.0365031055827,-17.7070351464719,1.86778481083889,-5.75262900486593,-16.7038324641652,1.5394277583532,-5.34069749614502,-16.8478676557142,0.931641596687005,0.222199383371315,-5.05327334516068,3.31047874444719,-9.20914637309299,-29.6069700902517
2026-07-15,1.01149048222461,-0.209825963052898,-6.15238434951114,0.643439054585974,0.707093351621291,-15.2071476056892,0.906566595406996,0.713255991856154,-3.40288313166868,1.40117802713649,6.03880081395439,-4.69372783575701,0.858222378847782,2.04511582139585,-8.46564231295765,1.05829604042869,2.07835320350032,-5.84696027850042,1.08772744912714,0.710071491323751,-11.8858598164816,3.99703804856074,1.00021708962294,0.209465886450003,0.439568884022778,-0.794726934105715,-23.0633236616878,0.478091548872228,-1.57252177205532,-13.4643292453629,0.719055303100971,-0.182244311015701,-8.40779287515641,0.93397520877484,-0.59040791670928,-11.236898965212,1.21958919156192,5.78304854010647,7.15523219098186,0.642820818646718,1.63453128477639,-0.452521669304613,0.703032575304884,-0.00367271700596993,-10.4115574376115,0.930905079280368,2.33705212895762,-2.76619737760531,0.687167959565889,-0.755791207732107,-12.5453107254942,2.5161046568549,7.3327747255177,11.6461167768876,1.26323325259004,0.893008416269614,-10.5174988082841,1.87346320249404,-0.128971532097088,-9.56241161527958,1.55207868484673,3.35372275172807,-4.83473240742689,0.941506237668111,3.66720703608298,0.456388738808426,3.29674213910697,2.89096413393366,-12.2426627242797
2026-07-16,0.986598534964849,-3.39193705796329,-10.2416692773106,0.631146126180707,-4.79404673831069,-22.0501286363977,0.90876168423814,1.8101485787769,-1.19240429956321,1.35576237411445,-3.5067189060043,-15.6371797902587,0.842433637624399,-4.90469583139323,-17.0788943566899,1.05388469418881,-2.82204648170421,-11.4626093702964,1.08367486776614,-1.17517531630044,-13.2750270658805,3.79555901983968,-5.85677882387377,-8.73464313914695,0.428410888965847,-4.81782148971068,-27.9719384494282,0.466102080559229,-3.58075711505612,-16.0212284189709,0.718620793750562,-0.748014097465499,-8.52713747050601,0.921552972160827,-2.5876666345154,-13.4595278503832,1.22500830819519,1.10306287024444,2.7929141498054,0.638759588495284,-0.418294379419358,-2.49939350269203,0.699780693971373,-0.720376131937772,-10.4957143855377,0.925897785972693,-1.20576308434848,-6.44961522482511,0.676592124675714,0.0843699465476441,-10.4587947729665,2.52961350110121,-0.896905563122494,3.05078574616944,1.24988948680575,-2.64531168692928,-14.420216997178,1.84733101937836,-2.42975949308737,-12.1322243057298,1.51442340128435,-4.69715391901206,-14.5805008684723,0.915610730854491,-1.72454510909449,-5.43407745712593,3.18269632147133,-2.98661764522255,-18.7848880260124
2026-07-20,0.957430593652582,-5.23114530276676,-13.5638105793542,0.61253515918397,-8.11985937476361,-27.7328127658462,0.903656791469795,-1.94938895002254,-5.49317563096019,1.29109879646289,-6.9130552512643,-21.0848758854511,0.810679793406628,-7.7795733152359,-22.2830175318317,1.06062527689667,-1.48118178146982,-9.78218805764956,1.05333096418218,-7.67810393957276,-22.4868049633791,3.53130782233239,-11.7699046061453,-18.8674238340182,0.414092904915225,-7.39296459658539,-32.2357234898583,0.450161596947308,-7.42823716317027,-22.158529127947,0.701078692181721,-4.74942721321693,-13.9293417981954,0.894985660714424,-5.01783513171587,-17.1199409288785,1.20387938011563,-5.45395548256289,-5.72935623712146,0.620305856329598,-4.15481225538067,-7.63058731006963,0.694149536822444,-3.13937894873204,-13.4551903026251,0.9219352665083,-3.24392426935324,-9.31848968196869,0.651849730610796,-5.42511595376178,-17.6866786246951,2.41822402268621,-8.75609815112059,-7.87836060697662,1.21803178168458,-6.16854223972725,-19.7108668154916,1.8288779164661,-4.90933131564508,-15.8639577854044,1.4686267531895,-5.96218587864033,-17.3962709328638,0.877472244844752,-6.56787720244784,-12.5379378729991,3.10512330460529,-6.08798244258386,-23.4088586294284
2026-07-21,0.943344415099317,-2.12230781908867,-10.2726507488446,0.610543529246037,-1.82977328158309,-19.3461181060283,0.911627877377729,0.0857932988558057,-3.02449435495197,1.26436425690322,-2.79351526299074,-16.2867783914795,0.806817482030955,-1.71570931800641,-14.8167947870545,1.05669252519353,-0.0417207023465094,-7.46206719142164,1.04589136173778,-4.95648518618907,-20.0947238024199,3.39538473410568,-3.95789710220167,-11.4578675203877,0.402469454092928,-5.20167264348629,-29.6219102084253,0.440225695241093,-3.57499705819382,-17.9229155314138,0.695473050273753,-2.56219090613075,-11.7110477089297,0.877274119750156,-2.40115996082806,-14.0605943786988,1.19412322075039,-2.03360055807525,-3.00337933854632,0.609053117912345,-2.3641961616429,-6.3349277930347,0.687561875116555,-2.04879015129369,-12.10786400569,0.900563869087103,-2.84677014544212,-9.41413900665794,0.638163029404258,-1.49349073557432,-12.7855328983977,2.31484914910607,-7.03350998423572,-8.73823323063847,1.2178238013605,-1.79092808394381,-14.2812605819449,1.83411385538867,-1.41503100380501,-11.5684459136945,1.46631355316861,-1.28798297018634,-11.6996305365737,0.856354088971729,-3.55967696042839,-10.1702130641192,3.08040121610127,-2.26702075677992,-18.3509508626636
2026-07-22,0.943641261542559,1.83111816293061,-4.53744774281756,0.660068808638652,7.46153014160427,-3.69508939709816,0.923189815810055,2.72115419738685,0.991470239941653,1.25595657504972,-0.206581897275635,-12.1935837707407,0.834664924758157,4.22529269063977,-5.18051144600208,1.04510635720523,-0.143377354399907,-6.9198633156956,1.04299447622833,-2.1286562623719,-16.355260765375,3.46804652774015,2.54075990454351,-2.8304017495383,0.392284060804132,-2.38608379278613,-24.9919892188929,0.441894809191071,0.521268356590879,-11.7279475506443,0.689706258178021,-0.105390581429396,-8.22653789651502,0.878829140660034,1.93622558785114,-7.37472334068835,1.19380453263233,-6.34910346583863,-9.55846864090441,0.60338835426395,-2.42279717431267,-6.92522041123047,0.680651383366019,-0.330914498681417,-9.4117149843332,0.881321679398767,-2.02251858102579,-8.69755605540095,0.633672138413855,2.28041710697195,-6.62708952622638,2.1892759198585,-8.57096808188155,-13.2583062169276,1.22090410032491,0.171309641975204,-10.8409293769005,1.8664906113877,2.45006318071881,-5.40026115282491,1.46759320969225,-1.36630493312871,-11.3451522890106,0.835979739322848,-5.33462240986285,-13.4773629822302,3.09091307983861,-1.49940177949284,-16.5844799921414
2026-07-23,0.965893981289682,8.16882637038066,5.93595636746075,0.69645544084134,5.91819013400036,-1.90782449787713,0.967904455484063,6.9388438001856,7.97571487301471,1.28105366420411,3.40036091363312,-5.65621588413719,0.849173577645937,5.11774279116117,-1.25783976361681,1.13957564733589,11.0718168855449,9.92048835825608,1.08066992872883,5.68197137140118,-3.81797679274054,3.5596066986159,8.1370837235978,6.66548302769249,0.397317631029208,3.87377084442707,-13.5582953717215,0.457347614718668,5.20237251048372,-3.21096332553155,0.702860446596467,5.22432413913472,0.325380775750466,0.889712032235294,3.98808692543163,-2.66422378810052,1.19915895019985,-3.62160138396766,-7.7937125679903,0.608009842710654,0.663135810131789,-3.03772809726173,0.695879287445214,5.56350702703268,0.0449916704108807,0.882228679310606,2.05580622894462,-2.94702888195749,0.645983054613826,5.57538186209299,0.00906847235854001,2.10162594432813,-5.51910681277833,-11.7197234380699,1.29355999143679,6.65224180921963,0.0433861362960875,1.92005618794311,4.57327757618015,-0.574999120015296,1.48631764989038,2.37835643454307,-5.36126490795395,0.833331266357273,-2.1193304937641,-10.0927083588519,3.17735828544127,2.53169826742031,-9.50025862592197
2026-07-24,0.959292665168113,2.25053523533078,0.928639244009755,0.683645623626067,-4.7442919513194,-14.5003594315118,0.977688955137339,2.8043663761486,4.77159067713406,1.26012367889524,-5.35861427690365,-16.4367008472204,0.824908228187168,-5.21974662750052,-13.6394633580355,1.20793377420139,5.11144128242614,5.85539672288126,1.07360644558822,-1.23828806441929,-10.9627899763465,3.45909438575223,-0.84923871524049,-2.62038737803987,0.387344660696381,-3.06117430553868,-21.3152988245556,0.459701980333811,2.62383445822584,-4.15285476029912,0.71695786145445,2.40096421765666,-1.24982307362709,0.875164968997689,-2.95282151530363,-10.5538195589322,1.19159480928575,-8.39000023151576,-15.4877182673524,0.599018713536608,-2.53268212071383,-6.93602050136576,0.702882826898082,3.73607208342554,0.0795876929130354,0.869722543473711,-3.65483144866776,-9.83486520666871,0.656296503208029,2.80121349151915,-1.3078010791036,1.97788010384334,-12.6251969824896,-23.4577023388786,1.29585893281384,-0.302939182752763,-6.84579291953798,1.92997538476817,0.472834303601562,-4.20487159111459,1.46023614845349,-5.13595913862186,-14.6959596176246,0.808702725312834,-9.76438161896283,-21.3506303672892,3.14089764419688,-4.55101674728866,-18.1076389512481
2026-07-27,0.952418349759158,0.905341712708699,0.0217565561846109,0.685521426875776,0.75092831845124,-7.31307207438161,1.01224731908734,3.69470649222348,6.74398083754469,1.23880182486237,-3.34422992519829,-14.5290675118626,0.82171151712512,0.345837232812133,-6.73302469346976,1.17461972380635,-7.28386314959497,-9.09837838781434,1.07137287617199,-1.56775734167444,-11.0227877533823,3.35586623807613,-1.30509047274849,-3.39127418704872,0.379764439132503,-2.44834066078712,-19.9363517071418,0.459889382673775,0.539850242213747,-5.51285857576015,0.706059163122239,-5.93884151569044,-11.7456934473236,0.866873528406239,-1.79874866860723,-9.30123889829507,1.19521163405196,-4.42099575258617,-12.317482063613,0.593811939690481,-1.47734964085605,-5.97664339766903,0.701255060000136,0.83090209352674,-2.26615769870551,0.861385119582447,-1.47229104862466,-7.51154542459614,0.664435838280697,1.15382603439783,-2.19271682259005,1.90797324282254,-4.52653240287709,-15.4361829032058,1.2930996237135,-1.43733703705167,-7.97976162262122,1.92936665013889,-0.729011850196059,-5.28818956848403,1.45131385044159,-1.29233396236851,-10.1403515013195,0.807525626217023,-4.42070759474508,-16.1830876327742,3.11581931414615,-3.32770575645102,-16.8333700722419
2026-07-28,0.911764502065635,-6.77744568164267,-10.0867142575973,0.665327912448354,-5.49540760538486,-15.4152236179634,1.01125591623207,-3.96783285608934,-2.3497057817943,1.17177945363623,-11.6463314104473,-27.3085168323839,0.791997475690685,-5.84067759160457,-14.9166078743107,1.11386372274227,-13.9754930529259,-20.8177725935321,1.02945198060631,-8.58266182761188,-21.1547179711146,3.10997221513489,-8.92260171799068,-14.2217951524773,0.359304146151824,-9.38440861019119,-30.3543810324166,0.444292079936008,-6.22556964544379,-14.4691401483362,0.692704271762838,-7.45868725165336,-15.636645264904,0.833917170789681,-7.47271284473393,-17.556988865316,1.15061367280946,-13.2667071886176,-26.2083279223586,0.569345763262312,-7.25406334875164,-14.2928234769077,0.688520814648435,-3.77488973947699,-8.10863792942145,0.822487939342954,-10.3607841067125,-20.2827337838735,0.647255824893377,-6.99814515910011,-12.8821982641868,1.76694092404067,-14.6565981293627,-31.4103597039599,1.23868385992149,-10.1448700577785,-20.4914991657703,1.84436573190439,-8.61825544986454,-16.3207116499704,1.38140508135991,-11.9667336011376,-25.5624150434761,0.758364338551623,-15.3271977968281,-33.3359418072595,2.93636965511776,-15.557290251103,-35.6990251530849
2026-07-29,0.855599040500362,-12.9475525921247,-20.9203203146447,0.694140982210418,-0.347809025535882,-9.02395879311375,0.996977804107235,-4.63706864241716,-4.78707266244452,1.08616159229873,-17.3188250830707,-39.4937248841085,0.762452973301546,-3.36164757502525,-12.7118638358362,1.04754244149658,-15.7915672109864,-28.1495507515435,0.9866522008308,-11.544399137319,-27.9570511692864,2.77701648403919,-20.7914518352656,-33.9915112478817,0.335344969812369,-15.3252157808513,-42.1308649119892,0.420417674427051,-10.4493588019537,-22.3031512140352,0.66730971874691,-12.4415290689201,-25.055465345572,0.80456160748547,-5.99526494773832,-17.389355466276,1.07541887542586,-16.9715812599499,-36.0021706922736,0.540700420081717,-9.23465890161276,-19.2929169960793,0.671845486587485,-6.49008006991242,-12.9541762621195,0.781572711627343,-13.9128535012657,-28.7135172846072,0.623586690095341,-10.7440326492466,-20.3585133832241,1.62727930154822,-16.2862143991256,-38.552886802339,1.17729885445266,-16.6689075870292,-33.2461510556073,1.73405278298734,-10.5366337831793,-21.7297007265849,1.31316551296187,-14.3435915161847,-32.8161886452381,0.690798788773591,-18.377563965906,-42.9637731741674,2.75118149863498,-19.376112844541,-46.6496728939324
2026-07-30,0.801253573160584,-8.27236677182602,-18.4058163050199,0.698032516865678,-6.86526148621907,-17.9453497594235,0.976565321180286,-3.27923178582369,-4.5864693951537,1.0172114967229,-15.6138977838562,-42.2968173876515,0.722475093723688,-8.54903172403787,-20.8363938404857,1.01283044753017,-8.9692047488967,-23.1277867546931,0.953580745516141,-6.40567905319893,-23.285246417583,2.46995788573969,-20.999201516204,-41.5004860305116,0.316362482788857,-13.0712642859903,-42.8927345251016,0.399836564351053,-8.96661731200269,-23.185201679513,0.664334186982927,-6.63390396786267,-20.1629656430186,0.783232979990637,-5.16260621819981,-17.4854036995631,1.01570161240904,-16.3125198054592,-40.4601555622769,0.518979150394977,-5.9170119285263,-17.1006392242367,0.660728601213519,-3.39800931604912,-10.3835444363281,0.759165619772618,-10.6006614776577,-28.0114053031184,0.616372362815376,-5.04672580918611,-15.2986341544948,1.48302319147058,-19.8379420094581,-49.4026930911389,1.1074049448494,-15.649447298839,-37.1118497000262,1.63936204325557,-8.43001088956177,-21.7609538083685,1.26485067749228,-13.2209260282414,-35.4581244254898,0.632169891987809,-16.6029301491919,-46.0036889998326,2.51203734447496,-19.9759431410908,-53.9748771860693
2026-07-31,0.797590195195971,-0.104685596211858,-8.62323641874517,0.755156028831756,6.96521747551328,1.05206360755773,0.984263876006664,0.765319370660591,-0.0933912953479231,1.02732747065152,2.22590651905008,-17.1632331580612,0.73016658961544,2.15354705538805,-6.98807422577381,1.01640283210749,0.380354682972309,-11.1724825229672,0.963300990223283,2.30754333430198,-10.7241526333033,2.41818078529698,0.792210654874318,-14.0723644442329,0.321264091090235,1.17120679450053,-21.8535253798153,0.405811814299758,2.64816531100749,-7.74295203985385,0.675543532828002,1.85113810584643,-8.64807019098841,0.795036023982721,2.57230220171891,-6.70181559439752,1.03403303411023,3.94000256229119,-12.326489777008,0.527330359764341,3.49718544623699,-4.30593012537529,0.660873496137371,1.02583707346063,-4.62627680753241,0.765829166373739,3.06919341929125,-9.4217115098164,0.631360819894425,0.0995318160746784,-8.68165279094008,1.50410023450577,3.48764147040357,-16.4200840767884,1.13484491293088,2.65068894157157,-12.5257428316099,1.66753568734445,4.01969603206995,-4.99760334763576,1.33704701240256,7.89760893866272,-4.94671767190095,0.633839551598573,2.06850597496146,-19.2979594523515,2.55544294686231,3.57136950024302,-19.4188894275015
2026-08-03,0.805866174529387,1.93660928377926,-4.84728971560233,0.83643281356732,11.2762216180332,10.5255744582392,0.988595235485739,0.215181036782348,-0.488362088503864,1.06354557524506,5.90828316576739,-8.33345149740156,0.778155917907342,4.94153849338614,-1.12009235949698,1.03061734207151,1.96366705051225,-7.51844297706706,0.96359260500094,3.81233777170811,-6.20502315180132,2.3917115936908,1.32269216366426,-11.4922513856209,0.328759745791994,4.46702922348086,-13.6039871329621,0.417915590844249,3.08403437397446,-5.02500295111001,0.683523854430657,0.540836156001873,-8.86593636058778,0.806421223894827,3.70001670527607,-3.11296366988503,1.04749106553612,1.66037217031365,-12.6860089751732,0.526074459671423,-0.707899820746173,-8.35421320421147,0.6553029788734,0.546891214427436,-4.3822256447034,0.768398558996659,1.68213356067922,-9.08205746685776,0.639106542077731,-1.0083118779611,-9.4415036304835,1.50634812843322,2.40043896299523,-14.7329211446479,1.16086371101827,2.77870482847347,-9.74593409171363,1.65124210167554,1.13501842524239,-6.81509054858927,1.3419104576556,1.31197665203345,-10.5886929547164,0.637603428139166,1.98866779915092,-16.4521372581832,2.61445821474513,3.81157677757786,-15.1649415194672
2026-08-04,0.850546262332437,8.06615805618749,5.44519695330321,0.890923680294752,10.5698635263922,13.7007055968792,1.02192120386847,5.08805607548106,6.31599323271338,1.12576171919109,12.0947640827349,5.20430861183069,0.833134554040612,5.79522931987805,2.59705039522621,1.09047323642739,6.65600261578923,1.15594535718488,0.988541208294464,7.83260613369481,2.31446599699786,2.4367317097936,5.08643084525779,-3.95039942827731,0.360270897378104,10.6348615789138,0.0487018321972925,0.450863920469605,7.60299741173486,3.61148251064528,0.710409604668139,5.8792660241995,0.176482357707776,0.813659706777825,2.45730975195558,-2.83010419177879,1.06388558823723,2.5090231894557,-9.29735527165634,0.529436191715628,1.08473779836668,-5.28554647093522,0.661034490497207,3.23398497735736,0.122306326524502,0.780100670227016,3.34321462407842,-4.87168547274056,0.658732731942484,2.71549820770879,-3.56085756049966,1.5306667627038,4.53299175115586,-8.65099896322193,1.19666490415555,5.24068964710191,-3.62707087990313,1.63522147372056,1.13527478116811,-5.61090837322243,1.34609335111459,2.2213786818863,-7.53214394649333,0.64905902836651,3.84334410607491,-10.8257204746577,2.65688667021825,1.89577935402221,-14.7691549116432
2026-08-05,0.90156333032124,8.85831279160393,9.78532891187334,0.927557268350096,8.71839829208563,14.5853470549907,1.0481435681495,4.89678645432901,7.73020878412265,1.24460871867139,18.3230126122736,19.724162383146,0.882631956408911,7.04837798338499,6.81880591600833,1.16802736678008,9.11999980752216,7.7753551514031,1.01301243841337,6.11998915629547,3.38608250182363,2.53803515939294,9.19169903232851,5.04781298154343,0.378125309790815,6.07146239342269,-1.50184424772021,0.475075507500472,7.97784344679895,7.38626208258404,0.7290945747187,6.92961950743987,4.49234166763818,0.826924971434878,4.25062307939719,1.17703575229415,1.11007215335294,3.9153500067551,-4.99968279898227,0.537713407147688,2.48968111492031,-2.23034008723222,0.66800389484634,4.57729983121917,3.50239052123421,0.801637204084651,5.3927488679335,0.251143758045911,0.680662777254721,6.61790757374713,3.72377390547922,1.55710885790071,5.21741957296025,-4.43611923911602,1.25272189138489,8.83873869932236,4.65104901902835,1.66993354516349,3.70343124347306,-0.804731132602053,1.36016910623752,4.79276528660958,-1.87180252849195,0.661666289184896,4.58187596520839,-6.63560836378729,2.81705364401584,8.07237858701158,-2.55280660477899
2026-08-06,0.948766378284842,7.44741077826408,10.9246457031714,0.950447942535046,3.62559285135546,10.4193776895795,1.06081908190581,2.953016068256,6.58383262649096,1.28290377113818,9.25420101997174,13.8959194598464,0.904137349351776,3.66242118378497,4.75924647991114,1.21614438694073,5.8353364100055,6.69788901317737,1.02767631226319,6.08741199008507,5.86728982001371,2.58372384506531,3.2616322999995,0.49976626176859,0.395761018632068,4.68970157834241,-0.417187415993714,0.500200701310237,6.10575056653693,7.75800342322874,0.753475694175292,4.81258057719604,4.33305656954754,0.832603627680602,3.16387544381507,1.52734812114571,1.12168840057457,-1.63335804182484,-10.8170350220033,0.539819864266149,0.836608225972126,-3.18917558583161,0.672020485092443,3.00024585985707,3.09844117145651,0.813497597619305,3.6062670723618,0.243109947357897,0.688262237037693,2.48334660678632,0.670635541631671,1.54326100644265,0.114201214604232,-9.04416332388695,1.2697065169505,2.91003561224446,-0.0254642251997879,1.63839760852958,-0.753036336385939,-5.30550122774987,1.3403944476535,-0.899896868926893,-7.64017126594896,0.661456126796882,2.20062356596198,-7.2988392329911,2.8258846687957,-0.252199226018126,-10.8392564915773
2026-08-07,0.970753564614706,3.56970437244437,8.06180928508269,0.945183372775619,-0.326904921931593,5.9656162525098,1.04363709144438,-0.251430481897276,3.05652285348108,1.32439895551886,9.76159404896813,17.1981661119651,0.913065866073215,2.32887058488264,4.15471786693118,1.29931910144259,7.0432367278752,10.2998865087844,1.0638567011676,9.04396060148954,12.0906479120953,2.57163891339572,-0.125671429834019,-2.75850518514231,0.429016034982492,7.78950396912926,6.29003790660999,0.505893432622364,3.01541370764571,5.61243975464597,0.780639397824027,4.11843135416859,5.16166648132019,0.833224544985439,0.868772830525854,-0.330069917623315,1.11829881276321,-3.29668572997723,-13.0538603860018,0.537812482508875,-2.39351337996495,-7.0533193195101,0.676587249883135,2.6251056804914,3.65062821184338,0.820155878790523,2.4945544927158,0.346889728586866,0.693328543559675,0.876860277851943,-0.469692063558876,1.50491388416714,-1.43796809943117,-10.426073573784,1.27781064814713,1.98826276251697,0.0444075737317519,1.61634200327183,-0.099576420814077,-4.22935746027314,1.32815193855445,-1.31288909185409,-7.94475782324879,0.652038323071246,0.330920191724575,-8.29541747039748,2.86956257715163,1.15185319651444,-7.82635631172919
2026-08-10,0.998191118473253,4.96988756202909,10.6453848363151,0.959135243114839,4.5274108740664,11.4336516583545,1.03458546235229,-0.692305621011632,2.07684849552128,1.45767801551446,13.7073865596655,24.525981065704,0.942680012647902,4.50071161348297,7.68527101904394,1.37628331155741,5.36080770245945,10.1902412804323,1.10654260551853,11.4759674717917,18.0834530048749,2.61417522308946,4.21082997015268,3.48586962664678,0.46587626191677,10.8997656290574,13.5618216154497,0.531112295250816,4.13021852527354,7.87794556025796,0.812702703836487,5.52684172907375,8.40352474509215,0.842429749648789,2.6323634299326,2.52152401905367,1.14016221824483,3.78289596271974,-2.92730941480236,0.549596099169078,1.25544849604948,-2.33610097541139,0.696318261723221,4.55634129824971,7.07134970230569,0.836456887497572,7.33272295581515,8.1779087976866,0.707798582512789,4.59200618985714,5.08758136822285,1.53521888497121,5.43728249179175,0.0161983389629843,1.29930816484712,5.28986438526884,5.52708035828813,1.60679650394238,0.584672922647615,-2.90653035633498,1.31810907257449,2.53986233304169,-2.24991496563987,0.667297294588169,4.89045349634389,-0.619216265155301,2.89559623917101,2.66389245841068,-4.27414630505582
2026-08-11,1.02246029619917,3.53281216898631,9.91170906635726,0.988655165653324,3.25041585442548,10.636992338506,1.03255609498344,1.66437062148712,4.68486862566557,1.52237831667134,5.64921968682215,18.0486976067404,0.957690416612281,1.55331554882866,5.05483154867637,1.40787125122428,3.13129200255634,8.64974893385431,1.11684679989519,5.31524015918057,13.4283131011776,2.64655720056311,1.80951897224301,1.78961160780814,0.492241236299866,6.72226255103373,11.5536653311706,0.542741715073458,1.98025030969352,6.11930548953576,0.820377783117793,-0.340816995333079,2.30652318052226,0.845050048840306,1.21507328485967,1.54791075165387,1.15226365464907,4.32997947803621,-0.0236101961413818,0.552727969989795,1.14905853856253,-1.67465497008806,0.713880024856511,3.52849304690249,7.04659636908544,0.849197198413432,6.80847967936669,9.98100573621755,0.711547995991043,0.154810977622999,0.678967337362553,1.59319331674779,7.19475995428271,5.13727304761993,1.30183701676325,2.24907699981859,3.27128519971322,1.61178096024264,0.508755448872462,-2.46258371533901,1.32928516443688,3.57330170203701,0.641269405381115,0.687741676533108,6.18505527682354,3.63900517320367,2.90369718319687,0.923655644480103,-5.10618599019966
2026-08-12,1.0491518594934,3.23387041531619,10.0813548950456,1.00282092974531,2.7552642203973,10.3614217734007,1.03360621461974,1.05229049388814,4.16332825908845,1.56796802760713,4.05281068363936,16.6676905478411,0.973105764495672,4.70348197637397,9.37428253270329,1.39755471035044,0.749268423935824,6.1132204697521,1.14516989712915,5.09799649164182,14.0783404824187,2.69574132962198,4.88406848786172,6.61137916347682,0.518775334689814,5.83518078613117,12.195287498382,0.557059991621677,2.53270568761508,7.11261503681847,0.840209809444208,2.3474787379674,5.48888679085384,0.851368370060582,1.29393421489275,2.05497960383414,1.16280544616874,4.84675838349054,2.75983472986866,0.560064632336294,1.41549152542293,-0.608586689372586,0.72212463068545,0.786610295287788,4.32807895749589,0.857690739024005,5.15468125366203,9.83757365099961,0.724718872022828,0.850590160939301,1.62328427868262,1.59958012513644,5.37593684517314,5.45181228592176,1.31532574392453,4.79512992041719,7.38575809277297,1.63676852864746,2.68707025339041,1.05354768143963,1.36683498430143,3.64110940182271,2.34066515536371,0.738150700097561,7.951008706443,8.62806354975726,2.96539803235758,4.57405563778047,1.07901632761468
2026-08-13,1.07869506549711,2.67818919925771,9.77987127783721,1.01226477247331,2.39005252239739,10.0666804471872,1.05192852329114,2.35592107363075,5.94147651611878,1.58730837249057,1.45425104545272,13.609706862793,1.00163605327119,4.30604001097546,9.99202203751235,1.43012008392057,3.24249765411204,9.05244485606803,1.16528967162388,4.90802274367038,14.5921246535776,2.75727673240752,2.6569395898857,5.18341692606726,0.531806860239813,6.32858379524269,14.1196539802988,0.566605509320489,1.90582628742495,6.71634503089579,0.860788813731257,3.17272854188255,7.07788095674446,0.861910291258724,2.67356047620929,4.29801896514819,1.17601872530728,3.81631202744322,3.30852838038005,0.573091300689626,1.14070375855371,-0.277720494927288,0.732028789811309,0.921308268613628,4.43530543499713,0.862104451579169,2.41471175473069,7.58247592759889,0.734622747312048,1.8241409244802,3.16142848000741,1.60541179314168,3.97546134946445,5.46349213234761,1.33612105458259,4.06679403868222,7.83099213438196,1.66168008759847,2.38795267841789,1.77643467611669,1.4153831131353,4.38641739768461,4.81228345082725,0.770431330740487,5.7206682819632,8.37214500471844,3.13609956095013,6.8547650873427,6.32986902193445
2026-08-14,1.09035186268389,1.6857873832122,8.72305646004461,1.0381666561302,6.14683981279674,14.8016509300484,1.06654642695426,3.83255072413206,8.33266877390802,1.60552365221381,-0.983622137227558,9.98983297280959,1.0463462023471,6.22132116288091,13.317489366789,1.45362319967123,1.7171566768876,7.62326953991925,1.20263190828073,4.46327030076552,14.6544579296493,2.79887525393281,1.13159221938631,3.84412542726169,0.544077523460299,2.93106988530688,11.1723314462241,0.589555284627938,3.26861832468102,8.65537670029358,0.86816534526506,1.69302996050806,5.85402156394057,0.893202115754097,6.14302873528213,9.70793889610398,1.21142487600568,4.10476357586895,5.12250830454225,0.579676246872105,1.48512822494163,0.746305612371131,0.742094798821804,0.395516775935392,3.72662977344591,0.847565856689561,0.342171584671924,5.23107611086896,0.741084919429691,2.53793513660852,4.62983166985743,1.60693887819263,2.4108479930123,4.62321471895131,1.33388983245238,1.99185711010164,6.14724332052212,1.71130051362369,3.2256070548535,3.83822090635733,1.45997628846512,2.72493613758931,4.08463997185106,0.791951751169105,3.49523525414752,7.15464679105048,3.29231855384137,6.91065524120445,8.92174256652761

